word,rank,cefr,pos,ipa,meaning_vi,example_en,is_concrete_noun,orig_rank,sfi,freq_per_million
have,1,A1,v,/hˈæv/,có; sở hữu,I have two younger brothers.,FALSE,8,81.53,14210
do,2,A1,v,/dˈu/,làm; thực hiện,Please do your homework now.,FALSE,21,78.33,6802
say,3,A1,v,/sˈeɪ/,nói; phát biểu,She said she was tired.,FALSE,30,75.35,3425
go,4,A1,v,/ɡˈoʊ/,đi; đến,We go to school every day.,FALSE,31,75.13,3260
one,5,A1,num,/wˈʌn/,"một; một cái, một người",Only one student passed the test.,FALSE,35,74.77,2997
know,6,A1,v,/nˈoʊ/,biết; quen biết,I know the answer to this question.,FALSE,41,74.21,2634
get,7,A1,v,/ɡˈɛt/,lấy; nhận được; trở nên,Did you get my message?,FALSE,43,74.1,2573
like,8,A1,v,/lˈaɪk/,thích; giống như,I like listening to music.,FALSE,45,73.92,2465
when,9,A1,adv,/wˈɛn/,khi; khi nào,When did you arrive home?,FALSE,46,73.86,2435
think,10,A1,v,/θˈɪŋk/,nghĩ; cho rằng,I think it will rain today.,FALSE,47,73.86,2433
make,11,A1,v,/mˈeɪk/,làm; tạo ra,He made a cake for her birthday.,FALSE,48,73.73,2359
time,12,A1,n,/tˈaɪm/,thời gian; lần,What time is it now?,FALSE,49,73.62,2302
see,13,A1,v,/sˈi/,nhìn thấy; hiểu,I can see the mountains from here.,FALSE,50,73.48,2226
good,14,A1,adj,/ɡˈʊd/,tốt; giỏi,This is a good idea.,FALSE,56,73.09,2038
people,15,A1,n,/pˈipəl/,"người, mọi người",Many people came to the concert.,FALSE,57,73.05,2019
year,16,A1,n,/jˈɪɹ/,năm,She is ten years old.,FALSE,58,72.9,1949
take,17,A1,v,/tˈeɪk/,lấy; cầm; mất (thời gian),Take an umbrella with you.,FALSE,59,72.73,1873
well,18,A1,adv,/wˈɛl/,"tốt, giỏi",She sings very well.,FALSE,61,72.64,1835
come,19,A1,v,/kˈʌm/,đến; tới,Come here and sit down.,FALSE,65,72.29,1694
work,20,A1,v,/wˈɝk/,làm việc; hoạt động,I work in a small office.,FALSE,67,72.24,1674
use,21,A1,v,/jˈus/,"dùng, sử dụng",I use a pen to write.,FALSE,68,72.19,1657
look,22,A1,v,/lˈʊk/,nhìn; trông có vẻ,Look at the beautiful sky.,FALSE,75,71.37,1370
want,23,A1,v,/wˈɑnt/,muốn,I want a cup of coffee.,FALSE,76,71.31,1354
give,24,A1,v,/ɡˈɪv/,"cho, đưa, tặng",Please give me your hand.,FALSE,77,71.24,1332
first,25,A1,adj,/fˈɝst/,"đầu tiên, thứ nhất",This is my first day at work.,FALSE,78,71.21,1321
new,26,A1,adj,/nˈu/,mới,I bought a new phone.,FALSE,79,71.1,1290
way,27,A1,n,/wˈeɪ/,cách; con đường,This is the best way to learn.,FALSE,80,71.07,1279
find,28,A1,v,/fˈaɪnd/,tìm thấy; nhận thấy,I can't find my keys.,FALSE,81,70.92,1236
after,29,A1,prep,/ˈæftɚ/,sau; sau khi,We went home after the movie.,FALSE,84,70.83,1210
day,30,A1,n,/dˈeɪ/,ngày; ban ngày,Today is a sunny day.,FALSE,85,70.75,1187
where,31,A1,adv,/wˈɛɹ/,ở đâu; nơi mà,Where do you live?,FALSE,86,70.75,1187
thing,32,A1,n,/θˈɪŋ/,"vật; điều, việc",Put your things on the table.,FALSE,87,70.65,1161
need,33,A1,v,/nˈid/,cần,I need some help with this.,FALSE,90,70.53,1129
right,34,A1,adj,/ɹˈaɪt/,đúng; bên phải; quyền,You are right about that.,FALSE,92,70.47,1113
how,35,A1,adv,/hˈaʊ/,như thế nào; bao nhiêu,How do you make this dish?,FALSE,93,70.39,1093
mean,36,A1,v,/mˈin/,có nghĩa là; định,What does this word mean?,FALSE,95,70.09,1021
last,37,A1,adj,/lˈæst/,cuối cùng; vừa qua,This is the last day of school.,FALSE,101,69.62,917
child,38,A1,n,/tʃˈaɪld/,đứa trẻ,The child is playing in the park.,FALSE,102,69.59,910
tell,39,A1,v,/tˈɛl/,"nói, kể; bảo",Tell me the truth.,FALSE,103,69.55,901
really,40,A1,adv,/ɹˈɪli/,thật sự; rất,I really enjoyed the trip.,FALSE,104,69.4,870
call,41,A1,v,/kˈɔl/,gọi; gọi điện,Please call me tonight.,FALSE,105,69.39,869
before,42,A1,prep,/bɪfˈɔɹ/,trước; trước khi,Wash your hands before dinner.,FALSE,106,69.29,849
company,43,A1,n,/kˈʌmpənˌi/,công ty,He works for a big company.,FALSE,107,69.25,842
show,44,A1,v,/ʃˈoʊ/,cho xem; chỉ ra,Let me show you the photos.,FALSE,110,69.18,827
life,45,A1,n,/lˈaɪf/,cuộc sống; đời sống,City life can be very busy.,FALSE,111,69.09,812
man,46,A1,n,/mˈæn/,người đàn ông,The man is reading a newspaper.,FALSE,112,69.07,807
change,47,A1,v,/tʃˈeɪndʒ/,thay đổi; đổi,We need to change our plan.,FALSE,113,69.02,799
place,48,A1,n,/plˈeɪs/,"nơi, chỗ",This is a nice place to relax.,FALSE,114,69,795
long,49,A1,adj,/lˈɔŋ/,dài; lâu,It was a long journey.,FALSE,115,68.98,791
feel,50,A1,v,/fˈil/,cảm thấy,I feel tired after work.,FALSE,117,68.92,780
problem,51,A1,n,/pɹˈɑbləm/,vấn đề; bài toán,We solved the problem together.,FALSE,120,68.65,733
write,52,A1,v,/ɹˈaɪt/,viết,She writes a letter to her friend.,FALSE,121,68.65,732
lot,53,A1,n,/lˈɑt/,nhiều (a lot),There is a lot of food here.,FALSE,123,68.54,715
great,54,A1,adj,/ɡɹˈeɪt/,tuyệt vời; to lớn,That's a great idea!,FALSE,124,68.51,710
try,55,A1,v,/tɹˈaɪ/,thử; cố gắng,Try to finish your work early.,FALSE,125,68.45,699
leave,56,A1,v,/lˈiv/,rời đi; để lại,I leave home at seven.,FALSE,126,68.44,699
number,57,A1,n,/nˈʌmbɚ/,số; con số,Write your phone number here.,FALSE,127,68.44,698
part,58,A1,n,/pˈɑɹt/,phần; bộ phận,This is the hardest part.,FALSE,130,68.4,692
point,59,A1,n,/pˈɔɪnt/,điểm; ý,That's a good point.,FALSE,131,68.35,684
little,60,A1,adj,/lˈɪtəl/,nhỏ; ít,There is a little water left.,FALSE,132,68.33,681
help,61,A1,v,/hˈɛlp/,giúp đỡ,Can you help me carry this?,FALSE,133,68.32,680
ask,62,A1,v,/ˈæsk/,hỏi; yêu cầu,She asked a difficult question.,FALSE,134,68.29,675
meet,63,A1,v,/mˈit/,gặp; gặp gỡ,Let's meet at the station.,FALSE,135,68.26,671
start,64,A1,v,/stˈɑɹt/,bắt đầu,The class starts at eight.,FALSE,136,68.26,669
talk,65,A1,v,/tˈɔk/,nói chuyện,We talked for hours.,FALSE,137,68.23,665
put,66,A1,v,/pˈʊt/,đặt; để,Put the book on the shelf.,FALSE,139,68.16,655
become,67,A1,v,/bɪkˈʌm/,trở thành; trở nên,She became a doctor.,FALSE,141,68.15,654
interest,68,A1,n,/ˈɪntɹəst/,sự quan tâm; lãi suất,He has an interest in music.,FALSE,142,68.15,653
country,69,A1,n,/kˈʌntɹi/,đất nước; nông thôn,Vietnam is a beautiful country.,FALSE,143,68.15,653
old,70,A1,adj,/ˈoʊld/,già; cũ,This is a very old building.,FALSE,144,68.11,647
school,71,A1,n,/skˈul/,trường học,The children walk to school.,TRUE,146,68.05,638
late,72,A1,adj,/lˈeɪt/,muộn; trễ,"Sorry, I am late again.",FALSE,147,68.05,638
high,73,A1,adj,/hˈaɪ/,cao,The mountain is very high.,FALSE,148,68.04,637
different,74,A1,adj,/dˈɪfɚənt/,khác; khác nhau,Our opinions are different.,FALSE,149,68.03,636
next,75,A1,adj,/nˈɛkst/,tiếp theo; kế bên,See you next week.,FALSE,151,67.92,620
end,76,A1,n,/ˈɛnd/,kết thúc; đầu mút,We are near the end of the book.,FALSE,152,67.92,619
live,77,A1,v,/lˈaɪv/,sống; ở,They live in a small town.,FALSE,153,67.84,608
why,78,A1,adv,/wˈaɪ/,tại sao,Why are you so happy today?,FALSE,154,67.83,607
world,79,A1,n,/wˈɝld/,thế giới,English is used all over the world.,FALSE,156,67.76,597
week,80,A1,n,/wˈik/,tuần,I work five days a week.,FALSE,157,67.75,596
play,81,A1,v,/plˈeɪ/,chơi; biểu diễn,The kids play football together.,FALSE,158,67.73,593
home,82,A1,n,/hˈoʊm/,nhà; quê hương,I stay at home on Sundays.,FALSE,161,67.67,585
never,83,A1,adv,/nˈɛvɚ/,không bao giờ,I never drink coffee at night.,FALSE,162,67.63,580
include,84,A1,v,/ˌɪnklˈud/,bao gồm,The price includes breakfast.,FALSE,163,67.6,575
course,85,A1,n,/kˈɔɹs/,khóa học; tiến trình,I am taking an English course.,FALSE,164,67.6,575
house,86,A1,n,/hˈaʊs/,ngôi nhà,They live in a big house.,TRUE,165,67.57,572
report,87,A1,n,/ɹipˈɔɹt/,báo cáo; bản tin,She wrote a report about sales.,FALSE,166,67.56,570
group,88,A1,n,/ɡɹˈup/,nhóm,We work in a small group.,FALSE,167,67.55,569
case,89,A1,n,/kˈeɪs/,trường hợp; vụ việc; hộp,"In that case, we should wait.",FALSE,168,67.55,569
woman,90,A1,n,/wˈʊmən/,người phụ nữ,The woman is a teacher.,FALSE,169,67.55,568
around,91,A1,prep,/ɚˈaʊnd/,xung quanh; khoảng,We walked around the lake.,FALSE,170,67.54,568
book,92,A1,n,/bˈʊk/,quyển sách,I am reading an interesting book.,TRUE,171,67.53,566
family,93,A1,n,/fˈæməli/,gia đình,My family lives in Hanoi.,FALSE,172,67.52,565
seem,94,A1,v,/sˈim/,có vẻ; dường như,You seem tired today.,FALSE,173,67.5,562
let,95,A1,v,/lˈɛt/,để cho; cho phép,Let me explain this to you.,FALSE,174,67.44,555
kind,96,A1,n,/kˈaɪnd/,loại; kiểu (adj: tử tế),What kind of music do you like?,FALSE,176,67.43,554
keep,97,A1,v,/kˈip/,giữ; tiếp tục,Please keep the door open.,FALSE,177,67.41,551
hear,98,A1,v,/hˈiɹ/,nghe; nghe thấy,I can hear the birds singing.,FALSE,178,67.37,546
system,99,A1,n,/sˈɪstəm/,hệ thống,The school uses a new system.,FALSE,179,67.36,545
question,100,A1,n,/kwˈɛstʃən/,câu hỏi; vấn đề,May I ask a question?,FALSE,181,67.34,542
always,101,A1,adv,/ˈɔlwˌeɪz/,luôn luôn,She is always on time.,FALSE,183,67.25,531
big,102,A1,adj,/bˈɪɡ/,"to, lớn",They live in a big city.,FALSE,184,67.22,527
set,103,A1,v,/sˈɛt/,đặt; thiết lập,Set the alarm for six.,FALSE,185,67.21,526
small,104,A1,adj,/smˈɔl/,"nhỏ, bé",This shirt is too small.,FALSE,186,67.2,525
study,105,A1,v,/stˈʌdi/,học; nghiên cứu,I study English every evening.,FALSE,187,67.19,524
follow,106,A1,v,/fˈɑloʊ/,theo; đi theo; tuân theo,"Follow me, please.",FALSE,188,67.17,521
begin,107,A1,v,/bɪɡˈɪn/,bắt đầu,The show begins at noon.,FALSE,189,67.14,518
important,108,A1,adj,/ˌɪmpˈɔɹtənt/,quan trọng,Health is very important.,FALSE,190,67.14,518
run,109,A1,v,/ɹˈʌn/,chạy; vận hành,He runs every morning.,FALSE,192,67.08,510
turn,110,A1,v,/tˈɝn/,quay; rẽ; đến lượt,Turn left at the corner.,FALSE,194,67.07,509
bring,111,A1,v,/bɹˈɪŋ/,mang đến; đem lại,Bring your umbrella tomorrow.,FALSE,196,67,502
early,112,A1,adj,/ˈɝli/,sớm,I woke up early today.,FALSE,197,66.98,499
hand,113,A1,n,/hˈænd/,bàn tay,Raise your hand to answer.,TRUE,198,66.97,497
state,114,A1,n,/stˈeɪt/,trạng thái; bang; nhà nước,The country has fifty states.,FALSE,199,66.94,494
move,115,A1,v,/mˈuv/,di chuyển; chuyển,We moved to a new house.,FALSE,200,66.93,493
money,116,A1,n,/mˈʌni/,tiền,I don't have enough money.,FALSE,201,66.92,492
fact,117,A1,n,/fˈækt/,sự thật; sự việc,That is an interesting fact.,FALSE,202,66.86,486
area,118,A1,n,/ˈɛɹiə/,khu vực; diện tích,This area is very quiet.,FALSE,204,66.78,477
provide,119,A1,v,/pɹəvˈaɪd/,cung cấp,The hotel provides free wifi.,FALSE,205,66.78,476
name,120,A1,n,/nˈeɪm/,tên,What is your full name?,FALSE,206,66.74,472
read,121,A1,v,/ɹˈɛd/,đọc,She reads before going to bed.,FALSE,207,66.73,471
friend,122,A1,n,/fɹˈɛnd/,"bạn, bạn bè",He is my best friend.,FALSE,208,66.7,468
month,123,A1,n,/mˈʌnθ/,tháng,February is a short month.,FALSE,209,66.7,468
large,124,A1,adj,/lˈɑɹdʒ/,"lớn, rộng",They ordered a large pizza.,FALSE,210,66.67,464
business,125,A1,n,/bˈɪznəs/,kinh doanh; công việc,She runs her own business.,FALSE,211,66.67,464
information,126,A1,n,/ˌɪnfɚmˈeɪʃən/,thông tin,I need more information about this.,FALSE,213,66.62,459
open,127,A1,v,/ˈoʊpən/,mở,Please open the window.,FALSE,214,66.61,459
order,128,A1,n,/ˈɔɹdɚ/,mệnh lệnh; đơn hàng; thứ tự,Your order will arrive tomorrow.,FALSE,215,66.59,456
government,129,A1,n,/ɡˈʌvɚmənt/,chính phủ,The government built a new road.,FALSE,216,66.58,455
word,130,A1,n,/wˈɝd/,từ; lời,I don't know this word.,FALSE,217,66.58,455
issue,131,A1,n,/ˈɪʃu/,vấn đề; số báo,We discussed an important issue.,FALSE,218,66.56,453
market,132,A1,n,/mˈɑɹkət/,chợ; thị trường,She buys fruit at the market.,TRUE,219,66.53,450
pay,133,A1,v,/pˈeɪ/,trả tiền; thanh toán,I will pay for lunch.,FALSE,220,66.51,447
build,134,A1,v,/bˈɪld/,xây dựng,They are building a new bridge.,FALSE,221,66.5,446
hold,135,A1,v,/hˈoʊld/,"cầm, giữ; tổ chức",Hold the baby carefully.,FALSE,222,66.45,442
service,136,A1,n,/sˈɝvəs/,dịch vụ; sự phục vụ,The restaurant has great service.,FALSE,223,66.44,440
believe,137,A1,v,/bɪlˈiv/,tin; tin tưởng,I believe you are right.,FALSE,225,66.38,435
second,138,A1,n,/sˈɛkənd/,giây; thứ hai,"Wait a second, please.",FALSE,226,66.36,433
love,139,A1,v,/lˈʌv/,yêu; rất thích,I love my family.,FALSE,229,66.3,427
increase,140,A1,v,/ˌɪnkɹˈis/,tăng; làm tăng,Prices increase every year.,FALSE,230,66.28,425
job,141,A1,n,/dʒˈɑb/,"công việc, nghề",She found a new job.,FALSE,231,66.28,425
plan,142,A1,n,/plˈæn/,kế hoạch,Do you have any plans tonight?,FALSE,232,66.28,425
result,143,A1,n,/ɹɪzˈʌlt/,kết quả,The test results are good.,FALSE,233,66.27,424
example,144,A1,n,/ɪɡzˈæmpəl/,ví dụ,"Give me an example, please.",FALSE,235,66.24,420
happen,145,A1,v,/hˈæpən/,xảy ra,What happened yesterday?,FALSE,236,66.23,420
offer,146,A1,v,/ˈɔfɚ/,đề nghị; mời; cung cấp,They offered me a job.,FALSE,237,66.21,418
young,147,A1,adj,/jˈʌŋ/,trẻ; nhỏ tuổi,She is still very young.,FALSE,238,66.2,417
close,148,A1,v,/klˈoʊs/,đóng; gần,"Close the door, please.",FALSE,239,66.19,416
program,149,A1,n,/pɹˈoʊɡɹˌæm/,chương trình,I watched a TV program.,FALSE,240,66.17,414
lead,150,A1,v,/lˈɛd/,dẫn dắt; dẫn đến,She leads a big team.,FALSE,241,66.13,410
buy,151,A1,v,/bˈaɪ/,mua,I want to buy a new laptop.,FALSE,242,66.07,405
understand,152,A1,v,/ˌʌndɚstˈænd/,hiểu,I understand your problem.,FALSE,243,66.05,403
thank,153,A1,v,/θˈæŋk/,cảm ơn,I want to thank you all.,FALSE,244,66.01,399
far,154,A1,adv,/fˈɑɹ/,xa,Is the station far from here?,FALSE,245,66,398
today,155,A1,adv,/tədˈeɪ/,hôm nay,Today is my birthday.,FALSE,246,65.94,392
hour,156,A1,n,/ˈaʊɚ/,"giờ, tiếng",The trip takes two hours.,FALSE,247,65.93,391
student,157,A1,n,/stˈudənt/,"học sinh, sinh viên",She is a hard-working student.,FALSE,248,65.92,391
face,158,A1,n,/fˈeɪs/,khuôn mặt,He has a friendly face.,TRUE,249,65.91,390
hope,159,A1,v,/hˈoʊp/,hy vọng,I hope you feel better soon.,FALSE,250,65.89,388
idea,160,A1,n,/aɪdˈiə/,ý tưởng; ý kiến,I have a good idea.,FALSE,251,65.87,387
cost,161,A1,n,/kˈɑst/,"chi phí, giá",The cost of living is rising.,FALSE,252,65.86,386
room,162,A1,n,/ɹˈum/,căn phòng,My room is on the second floor.,TRUE,254,65.85,385
reason,163,A1,n,/ɹˈizən/,lý do,Give me one good reason.,FALSE,256,65.83,383
form,164,A1,n,/fˈɔɹm/,hình thức; mẫu đơn,Please fill in this form.,TRUE,257,65.79,379
spend,165,A1,v,/spˈɛnd/,tiêu (tiền); dành (thời gian),I spend an hour reading daily.,FALSE,258,65.78,378
head,166,A1,n,/hˈɛd/,cái đầu; người đứng đầu,She turned her head slowly.,TRUE,259,65.77,378
car,167,A1,n,/kˈɑɹ/,"xe hơi, ô tô",He drives an old car.,TRUE,260,65.77,377
learn,168,A1,v,/lˈɝn/,học; học được,I want to learn Japanese.,FALSE,261,65.74,375
level,169,A1,n,/lˈɛvəl/,cấp độ; mức,She is at an advanced level.,FALSE,262,65.71,373
person,170,A1,n,/pˈɝsən/,người,He is a very kind person.,FALSE,263,65.66,368
experience,171,A1,n,/ɪkspˈɪɹiəns/,kinh nghiệm; trải nghiệm,She has years of experience.,FALSE,264,65.63,365
once,172,A1,adv,/wˈʌns/,một lần; đã từng,I visit them once a month.,FALSE,265,65.62,365
member,173,A1,n,/mˈɛmbɚ/,thành viên,He is a member of the club.,FALSE,266,65.61,364
bad,174,A1,adj,/bˈæd/,xấu; tệ,The weather is bad today.,FALSE,268,65.59,363
city,175,A1,n,/sˈɪti/,thành phố,Tokyo is a huge city.,TRUE,269,65.59,362
night,176,A1,n,/nˈaɪt/,"ban đêm, buổi tối",I sleep eight hours a night.,FALSE,270,65.58,361
able,177,A1,adj,/ˈeɪbəl/,"có khả năng, có thể",She is able to speak French.,FALSE,271,65.57,361
support,178,A1,v,/səpˈɔɹt/,ủng hộ; hỗ trợ,My parents support my decision.,FALSE,272,65.55,359
line,179,A1,n,/lˈaɪn/,đường; hàng; dòng,Draw a straight line here.,FALSE,274,65.54,358
present,180,A1,n,/pɹˈɛzənt/,món quà; hiện tại (adj),She gave me a nice present.,FALSE,275,65.54,358
side,181,A1,n,/sˈaɪd/,phía; bên; mặt,Sit on this side of the table.,FALSE,276,65.51,356
quite,182,A1,adv,/kwˈaɪt/,khá; hoàn toàn,The film was quite good.,FALSE,277,65.5,354
sure,183,A1,adj,/ʃˈʊɹ/,chắc chắn,Are you sure about this?,FALSE,279,65.45,351
term,184,A1,n,/tˈɝm/,thuật ngữ; kỳ hạn; học kỳ,This is a technical term.,FALSE,280,65.44,350
age,185,A1,n,/ˈeɪdʒ/,tuổi; thời đại,What is your age?,FALSE,282,65.43,349
low,186,A1,adj,/lˈoʊ/,thấp,The prices are very low.,FALSE,283,65.43,349
speak,187,A1,v,/spˈik/,nói; nói chuyện,Can you speak English?,FALSE,284,65.42,348
process,188,A1,n,/pɹˈɑsˌɛs/,quá trình; quy trình,Learning is a slow process.,FALSE,286,65.4,346
public,189,A1,adj,/pˈʌblɪk/,công cộng; công khai,This is a public library.,FALSE,287,65.35,343
often,190,A1,adv,/ˈɔfən/,thường xuyên,I often go swimming.,FALSE,288,65.33,341
train,191,A1,n,/tɹˈeɪn/,tàu hỏa,I take the train to work.,TRUE,289,65.29,338
possible,192,A1,adj,/pˈɑsəbəl/,có thể; khả thi,Is it possible to change the date?,FALSE,290,65.28,337
actually,193,A1,adv,/ˈæktʃˌuəli/,thật ra; thực sự,"Actually, I disagree with you.",FALSE,291,65.28,337
rather,194,A1,adv,/ɹˈæðɚ/,khá; thà... hơn,It's rather cold today.,FALSE,292,65.27,336
view,195,A1,n,/vjˈu/,quang cảnh; quan điểm,The room has a great view.,FALSE,293,65.26,336
together,196,A1,adv,/təɡˈɛðɚ/,cùng nhau,We studied together last night.,FALSE,294,65.24,334
consider,197,A1,v,/kənsˈɪdɚ/,cân nhắc; xem xét,Please consider my offer.,FALSE,295,65.24,334
price,198,A1,n,/pɹˈaɪs/,giá,The price is too high.,FALSE,296,65.14,327
parent,199,A1,n,/pˈɛɹənt/,cha/mẹ (số nhiều: cha mẹ),My parents are very kind.,FALSE,297,65.14,326
hard,200,A1,adj,/hˈɑɹd/,khó; cứng; chăm chỉ,This exercise is hard.,FALSE,298,65.12,325
party,201,A1,n,/pˈɑɹti/,bữa tiệc; đảng phái,We had a birthday party.,FALSE,299,65.08,322
local,202,A1,adj,/lˈoʊkəl/,địa phương,I shop at the local market.,FALSE,300,65.06,321
control,203,A1,v,/kəntɹˈoʊl/,kiểm soát; điều khiển,He can't control his anger.,FALSE,301,65.05,320
already,204,A1,adv,/ɔlɹˈɛdi/,"đã, rồi",I have already finished lunch.,FALSE,302,65.02,318
concern,205,A1,n,/kənsˈɝn/,sự lo lắng; mối quan tâm,Safety is our main concern.,FALSE,303,65.02,317
product,206,A1,n,/pɹˈɑdəkt/,sản phẩm,This product is very popular.,FALSE,304,65.01,317
lose,207,A1,v,/lˈuz/,mất; thua,Don't lose your ticket.,FALSE,305,65,316
story,208,A1,n,/stˈɔɹi/,câu chuyện; tầng (nhà),She told the children a story.,FALSE,306,64.98,315
almost,209,A1,adv,/ˈɔlmˌoʊst/,"gần như, hầu như",I am almost finished.,FALSE,307,64.98,315
continue,210,A1,v,/kəntˈɪnju/,tiếp tục,Please continue with your work.,FALSE,308,64.96,314
stand,211,A1,v,/stˈænd/,đứng; chịu đựng,Please stand up when he enters.,FALSE,309,64.95,313
whole,212,A1,adj,/hˈoʊl/,"toàn bộ, cả",I read the whole book.,FALSE,310,64.95,313
rate,213,A1,n,/ɹˈeɪt/,tỷ lệ; tốc độ; mức giá,The success rate is high.,FALSE,312,64.94,312
care,214,A1,v,/kˈɛɹ/,quan tâm; chăm sóc,She cares about her students.,FALSE,313,64.93,311
expect,215,A1,v,/ɪkspˈɛkt/,mong đợi; dự kiến,I expect good results.,FALSE,314,64.93,311
effect,216,A1,n,/ɪfˈɛkt/,"tác động, ảnh hưởng",The medicine has a strong effect.,FALSE,315,64.93,311
sort,217,A1,n,/sˈɔɹt/,"loại, kiểu",What sort of car is that?,FALSE,316,64.92,311
cause,218,A1,v,/kˈɑz/,gây ra,Smoking causes many diseases.,FALSE,319,64.9,309
fall,219,A1,v,/fˈɔl/,"rơi, ngã; giảm",Leaves fall in autumn.,FALSE,320,64.89,309
deal,220,A1,n,/dˈil/,thỏa thuận; giao dịch,They made a good deal.,FALSE,321,64.89,309
water,221,A1,n,/wˈɔtɚ/,nước,Please drink more water.,TRUE,322,64.87,307
send,222,A1,v,/sˈɛnd/,gửi,I will send you an email.,FALSE,323,64.86,306
allow,223,A1,v,/əlˈaʊ/,cho phép,Smoking is not allowed here.,FALSE,324,64.84,305
soon,224,A1,adv,/sˈun/,"sớm, chẳng bao lâu",I will call you soon.,FALSE,325,64.84,304
watch,225,A1,v,/wˈɑtʃ/,xem; theo dõi,We watched a movie last night.,FALSE,326,64.8,302
base,226,A1,v,/bˈeɪs/,dựa vào; đặt cơ sở,The film is based on a true story.,FALSE,327,64.78,300
probably,227,A1,adv,/pɹˈɑbəblˌi/,có lẽ,It will probably rain later.,FALSE,328,64.75,299
suggest,228,A1,v,/sədʒˈɛst/,"đề nghị, gợi ý",I suggest we start early.,FALSE,329,64.74,298
past,229,A1,n,/pˈæst/,quá khứ,We should learn from the past.,FALSE,330,64.73,297
power,230,A1,n,/pˈaʊɚ/,"quyền lực; năng lượng, điện",The storm cut off the power.,FALSE,331,64.72,296
test,231,A1,n,/tˈɛst/,bài kiểm tra; thử nghiệm,I have an English test tomorrow.,FALSE,332,64.71,296
visit,232,A1,v,/vˈɪzɪt/,thăm; ghé thăm,We visited our grandparents.,FALSE,333,64.7,295
center,233,A1,n,/sˈɛntɚ/,trung tâm,The shop is in the city center.,FALSE,334,64.7,295
grow,234,A1,v,/ɡɹˈoʊ/,lớn lên; trồng; tăng,Children grow up so fast.,FALSE,335,64.69,294
return,235,A1,v,/ɹɪtˈɝn/,trở lại; trả lại,Please return the book on time.,FALSE,337,64.68,294
mother,236,A1,n,/mˈʌðɚ/,mẹ,My mother cooks very well.,FALSE,338,64.67,293
walk,237,A1,v,/wˈɔk/,đi bộ,I walk to school every day.,FALSE,339,64.63,291
matter,238,A1,n,/mˈætɚ/,vấn đề; chuyện,What's the matter with you?,FALSE,340,64.63,290
mind,239,A1,n,/mˈaɪnd/,"tâm trí, trí óc",Keep an open mind.,FALSE,341,64.62,290
value,240,A1,n,/vˈælju/,giá trị,This ring has great value.,FALSE,342,64.61,289
office,241,A1,n,/ˈɔfɪs/,văn phòng,She works in a busy office.,TRUE,343,64.59,288
record,242,A1,n,/ɹəkˈɔɹd/,kỷ lục; bản ghi,He set a new world record.,FALSE,344,64.59,287
stay,243,A1,v,/stˈeɪ/,ở lại; lưu lại,Please stay a little longer.,FALSE,345,64.57,286
force,244,A1,n,/fˈɔɹs/,lực; sức mạnh; lực lượng,The wind blew with great force.,FALSE,346,64.57,286
stop,245,A1,v,/stˈɑp/,dừng lại; ngừng,The bus stopped suddenly.,FALSE,347,64.55,285
light,246,A1,n,/lˈaɪt/,ánh sáng; đèn,"Turn on the light, please.",TRUE,349,64.53,284
develop,247,A1,v,/dɪvˈɛləp/,phát triển,The company develops software.,FALSE,350,64.51,282
remember,248,A1,v,/ɹɪmˈɛmbɚ/,"nhớ, ghi nhớ",I can't remember his name.,FALSE,351,64.5,282
bit,249,A1,n,/bˈɪt/,"một chút, một ít",I am a bit tired.,FALSE,352,64.49,281
share,250,A1,v,/ʃˈɛɹ/,chia sẻ; chia,Let's share the pizza.,FALSE,353,64.48,281
real,251,A1,adj,/ɹˈil/,"thật, có thật",Is this a real diamond?,FALSE,354,64.47,280
answer,252,A1,n,/ˈænsɚ/,câu trả lời,I don't know the answer.,FALSE,355,64.46,279
sit,253,A1,v,/sˈɪt/,ngồi,Please sit down here.,FALSE,356,64.44,278
figure,254,A1,n,/fˈɪɡjɚ/,con số; hình dáng; nhân vật,The sales figures are rising.,FALSE,357,64.43,278
letter,255,A1,n,/lˈɛtɚ/,lá thư; chữ cái,I wrote a letter to my friend.,TRUE,358,64.43,277
decide,256,A1,v,/dˌɪsˈaɪd/,quyết định,We decided to go by train.,FALSE,359,64.41,276
language,257,A1,n,/lˈæŋɡwədʒ/,ngôn ngữ,English is a global language.,FALSE,360,64.39,275
subject,258,A1,n,/səbdʒˈɛkt/,môn học; chủ đề,Math is my favorite subject.,FALSE,361,64.35,273
class,259,A1,n,/klˈæs/,lớp học; hạng,Our class has thirty students.,FALSE,362,64.35,272
development,260,A1,n,/dɪvˈɛləpmənt/,sự phát triển,The city's development is fast.,FALSE,363,64.31,270
town,261,A1,n,/tˈaʊn/,thị trấn,I grew up in a small town.,TRUE,364,64.31,269
half,262,A1,n,/hˈæf/,một nửa,Half of the class is absent.,FALSE,365,64.29,269
minute,263,A1,n,/mˈɪnət/,phút,"Wait five minutes, please.",FALSE,366,64.28,268
food,264,A1,n,/fˈud/,"thức ăn, đồ ăn",Vietnamese food is delicious.,TRUE,367,64.28,268
break,265,A1,v,/bɹˈeɪk/,làm vỡ; nghỉ giải lao,Don't break the glass.,FALSE,368,64.28,268
clear,266,A1,adj,/klˈɪɹ/,rõ ràng; trong (suốt),The instructions are very clear.,FALSE,369,64.25,266
future,267,A1,n,/fjˈutʃɚ/,tương lai,Think about your future.,FALSE,370,64.24,266
ago,268,A1,adv,/əɡˈoʊ/,"cách đây, trước đây",I met her two years ago.,FALSE,372,64.24,265
remain,269,A1,v,/ɹɪmˈeɪn/,còn lại; vẫn,Few problems remain.,FALSE,374,64.24,265
top,270,A1,n,/tˈɑp/,đỉnh; phần trên,We climbed to the top of the hill.,FALSE,375,64.23,265
win,271,A1,v,/wˈɪn/,"thắng, chiến thắng",Our team won the match.,FALSE,377,64.21,264
color,272,A1,n,/kˈʌlɚ/,màu sắc,Blue is my favorite color.,FALSE,378,64.2,263
involve,273,A1,v,/ˌɪnvˈɑlv/,liên quan; bao gồm,The job involves a lot of travel.,FALSE,379,64.16,260
reach,274,A1,v,/ɹˈitʃ/,với tới; đạt tới; đến,We reached the station on time.,FALSE,380,64.15,260
social,275,A1,adj,/sˈoʊʃəl/,thuộc xã hội; xã giao,Humans are social animals.,FALSE,381,64.15,260
period,276,A1,n,/pˈɪɹiəd/,giai đoạn; thời kỳ; tiết học,This was a difficult period.,FALSE,382,64.13,259
note,277,A1,n,/nˈoʊt/,ghi chú; lời nhắn,She left me a short note.,FALSE,384,64.12,258
history,278,A1,n,/hˈɪstɚi/,lịch sử,I love reading about history.,FALSE,385,64.12,258
create,279,A1,v,/kɹiˈeɪt/,"tạo ra, sáng tạo",The artist created a beautiful work.,FALSE,386,64.11,258
drive,280,A1,v,/dɹˈaɪv/,lái xe,He drives to work every day.,FALSE,387,64.11,258
type,281,A1,n,/tˈaɪp/,"loại, kiểu",What type of book do you like?,FALSE,389,64.09,257
sound,282,A1,n,/sˈaʊnd/,âm thanh,I heard a strange sound.,FALSE,390,64.08,256
eye,283,A1,n,/ˈaɪ/,con mắt,She has beautiful blue eyes.,TRUE,391,64.07,256
music,284,A1,n,/mjˈuzɪk/,âm nhạc,I listen to music while I study.,FALSE,392,64.07,255
game,285,A1,n,/ɡˈeɪm/,trò chơi; trận đấu,Let's play a board game.,FALSE,393,64.07,255
political,286,A1,adj,/pəlˈɪtəkəl/,thuộc chính trị,He wrote a political article.,FALSE,394,64.06,255
free,287,A1,adj,/fɹˈi/,miễn phí; tự do; rảnh,Are you free this weekend?,FALSE,395,64.06,255
receive,288,A1,v,/ɹəsˈiv/,"nhận, nhận được",I received your letter today.,FALSE,396,64.05,254
moment,289,A1,n,/mˈoʊmənt/,khoảnh khắc; lúc,"Wait a moment, please.",FALSE,397,64.05,254
sale,290,A1,n,/sˈeɪl/,sự bán hàng; đợt giảm giá,The shop has a big sale today.,FALSE,398,64.04,254
policy,291,A1,n,/pˈɑləsi/,chính sách,The company changed its policy.,FALSE,399,64.04,253
further,292,A1,adj,/fˈɝðɚ/,xa hơn; thêm nữa,I need further information.,FALSE,400,63.99,251
body,293,A1,n,/bˈɑdi/,cơ thể; thân thể,Exercise is good for the body.,TRUE,401,63.98,250
require,294,A1,v,/ɹˌikwˈaɪɚ/,yêu cầu; đòi hỏi,This job requires patience.,FALSE,402,63.97,249
wait,295,A1,v,/wˈeɪt/,"chờ, đợi",Please wait for me here.,FALSE,403,63.96,249
general,296,A1,adj,/dʒˈɛnɚəl/,chung; tổng quát,This is just a general idea.,FALSE,404,63.95,248
appear,297,A1,v,/əpˈɪɹ/,xuất hiện; có vẻ,A rainbow appeared in the sky.,FALSE,405,63.95,248
team,298,A1,n,/tˈim/,"đội, nhóm",Our team works very well.,FALSE,407,63.95,248
easy,299,A1,adj,/ˈizi/,"dễ, dễ dàng",This test was easy.,FALSE,408,63.95,248
individual,300,A1,n,/ˌɪndəvˈɪdʒəwəl/,cá nhân,Each individual has rights.,FALSE,409,63.95,248
full,301,A1,adj,/fˈʊl/,đầy; no,The glass is full of water.,FALSE,410,63.95,248
black,302,A1,adj,/blˈæk/,màu đen,She wore a black dress.,FALSE,411,63.94,248
sense,303,A1,n,/sˈɛns/,giác quan; ý nghĩa; cảm giác,That makes no sense to me.,FALSE,412,63.92,247
perhaps,304,A1,adv,/pɚhˈæps/,có lẽ,Perhaps she forgot the time.,FALSE,413,63.91,246
add,305,A1,v,/ˈæd/,thêm vào; cộng,Add some salt to the soup.,FALSE,414,63.89,245
rule,306,A1,n,/ɹˈul/,"quy tắc, luật lệ",Follow the rules of the game.,FALSE,415,63.88,245
pass,307,A1,v,/pˈæs/,đi qua; vượt qua; đỗ,She passed the exam easily.,FALSE,416,63.86,243
produce,308,A1,v,/pɹədˈus/,sản xuất; tạo ra,This factory produces cars.,FALSE,417,63.86,243
sell,309,A1,v,/sˈɛl/,bán,They sell fresh fruit here.,FALSE,418,63.86,243
short,310,A1,adj,/ʃˈɔɹt/,ngắn; thấp,It was a short trip.,FALSE,419,63.81,241
agree,311,A1,v,/əɡɹˈi/,đồng ý,I agree with your idea.,FALSE,420,63.81,240
law,312,A1,n,/lˈɔ/,"luật, luật pháp",Everyone must obey the law.,FALSE,421,63.79,239
research,313,A1,n,/ɹisˈɝtʃ/,nghiên cứu,She does research on plants.,FALSE,423,63.75,237
cover,314,A1,v,/kˈʌvɚ/,che phủ; bao gồm,Snow covered the ground.,FALSE,424,63.73,236
paper,315,A1,n,/pˈeɪpɚ/,giấy; bài báo,Write your name on the paper.,TRUE,425,63.73,236
position,316,A1,n,/pəzˈɪʃən/,vị trí; chức vụ,He got a new position at work.,FALSE,426,63.72,236
human,317,A1,n,/hjˈumən/,con người,Humans need water to live.,FALSE,428,63.72,235
computer,318,A1,n,/kəmpjˈutɚ/,máy tính,I use a computer every day.,TRUE,429,63.72,235
situation,319,A1,n,/sˌɪtʃuˈeɪʃən/,"tình huống, hoàn cảnh",The situation is difficult.,FALSE,430,63.7,235
staff,320,A1,n,/stˈæf/,nhân viên (tập thể),The hotel staff are friendly.,FALSE,431,63.7,234
activity,321,A1,n,/æktˈɪvəti/,hoạt động,Swimming is my favorite activity.,FALSE,432,63.68,234
film,322,A1,n,/fˈɪlm/,phim,We watched a scary film.,FALSE,433,63.66,232
morning,323,A1,n,/mˈɔɹnɪŋ/,buổi sáng,I drink coffee every morning.,FALSE,434,63.65,232
war,324,A1,n,/wˈɔɹ/,chiến tranh,Many people suffered in the war.,FALSE,435,63.63,231
account,325,A1,n,/əkˈaʊnt/,tài khoản; sự tường thuật,I opened a bank account.,FALSE,436,63.63,231
shop,326,A1,n,/ʃˈɑp/,cửa hàng,There is a small shop nearby.,TRUE,437,63.62,230
major,327,A1,adj,/mˈeɪdʒɚ/,"chính, chủ yếu; lớn",This is a major problem.,FALSE,438,63.59,229
design,328,A1,n,/dɪzˈaɪn/,thiết kế; kiểu dáng,I like the design of this car.,FALSE,441,63.58,228
event,329,A1,n,/ɪvˈɛnt/,sự kiện,The concert was a big event.,FALSE,442,63.57,228
special,330,A1,adj,/spˈɛʃəl/,đặc biệt,Today is a special day.,FALSE,443,63.57,228
sometimes,331,A1,adv,/səmtˈaɪmz/,"đôi khi, thỉnh thoảng",Sometimes I walk to work.,FALSE,444,63.57,227
condition,332,A1,n,/kəndˈɪʃən/,điều kiện; tình trạng,The car is in good condition.,FALSE,445,63.54,226
carry,333,A1,v,/kˈæɹi/,"mang, xách; chở",She carried a heavy bag.,FALSE,446,63.54,226
choose,334,A1,v,/tʃˈuz/,"chọn, lựa chọn",Choose one answer only.,FALSE,447,63.53,225
father,335,A1,n,/fˈɑðɚ/,"cha, bố",My father is a teacher.,FALSE,448,63.51,225
decision,336,A1,n,/dɪsˈɪʒən/,quyết định,It was a hard decision.,FALSE,449,63.51,224
table,337,A1,n,/tˈeɪbəl/,cái bàn; bảng biểu,Put the plates on the table.,TRUE,450,63.5,224
certain,338,A1,adj,/sˈɝtən/,chắc chắn; nào đó,I am certain he will come.,FALSE,451,63.49,223
forward,339,A1,adv,/fˈɔɹwɚd/,về phía trước,Please move forward slowly.,FALSE,452,63.48,223
main,340,A1,adj,/mˈeɪn/,"chính, chủ yếu",What is the main idea?,FALSE,453,63.48,223
die,341,A1,v,/dˈaɪ/,"chết, qua đời",The old tree finally died.,FALSE,454,63.47,222
bear,342,A1,v,/bˈɛɹ/,chịu đựng; sinh (con),I can't bear this noise.,FALSE,455,63.45,222
cut,343,A1,v,/kˈʌt/,cắt; giảm,Cut the paper in half.,FALSE,456,63.45,221
describe,344,A1,v,/dɪskɹˈaɪb/,"mô tả, miêu tả",Can you describe the man?,FALSE,457,63.43,220
available,345,A1,adj,/əvˈeɪləbəl/,có sẵn; rảnh,Tickets are still available.,FALSE,459,63.42,220
especially,346,A1,adv,/əspˈɛʃli/,đặc biệt là,"I love fruit, especially mangoes.",FALSE,460,63.42,220
strong,347,A1,adj,/stɹˈɔŋ/,"mạnh, khỏe",He is very strong.,FALSE,461,63.38,218
rise,348,A1,v,/ɹˈaɪz/,tăng lên; mọc (mặt trời),The sun rises in the east.,FALSE,462,63.38,218
girl,349,A1,n,/ɡˈɝl/,"cô gái, bé gái",The little girl is smiling.,TRUE,463,63.37,217
maybe,350,A1,adv,/mˈeɪbi/,có lẽ,Maybe we should wait.,FALSE,464,63.37,217
community,351,A1,n,/kəmjˈunəti/,cộng đồng,Our community is very friendly.,FALSE,465,63.37,217
else,352,A1,adv,/ˈɛls/,"khác, nữa",What else do you need?,FALSE,466,63.34,216
particular,353,A1,adj,/pɚtˈɪkjəlɚ/,cụ thể; riêng biệt,Is there a particular color you like?,FALSE,467,63.33,215
role,354,A1,n,/ɹˈoʊl/,vai trò,She plays an important role.,FALSE,468,63.33,215
join,355,A1,v,/dʒˈɔɪn/,tham gia; nối,Would you like to join us?,FALSE,469,63.33,215
difficult,356,A1,adj,/dˈɪfəkəlt/,"khó, khó khăn",This is a difficult question.,FALSE,470,63.32,215
please,357,A1,v,/plˈiz/,làm hài lòng; làm ơn,Please close the door.,FALSE,471,63.28,213
detail,358,A1,n,/dɪtˈeɪl/,chi tiết,Tell me every detail.,FALSE,472,63.28,213
difference,359,A1,n,/dˈɪfɚəns/,sự khác nhau,What is the difference between them?,FALSE,473,63.27,212
action,360,A1,n,/ˈækʃən/,hành động,We must take action now.,FALSE,474,63.21,210
health,361,A1,n,/hˈɛlθ/,sức khỏe,Good health is important.,FALSE,475,63.21,209
eat,362,A1,v,/ˈit/,ăn,We eat dinner at seven.,FALSE,476,63.19,209
step,363,A1,n,/stˈɛp/,bước; bậc thang,Take a step forward.,FALSE,477,63.18,208
TRUE,364,A1,adj,/tɹˈu/,"đúng, thật",Is this story true?,FALSE,478,63.17,208
phone,365,A1,n,/fˈoʊn/,điện thoại,My phone is out of battery.,TRUE,479,63.16,207
draw,366,A1,v,/dɹˈɔ/,vẽ; kéo,She can draw very well.,FALSE,481,63.15,207
white,367,A1,adj,/wˈaɪt/,màu trắng,He wore a white shirt.,FALSE,482,63.14,206
date,368,A1,n,/dˈeɪt/,ngày tháng; cuộc hẹn hò,What is the date today?,FALSE,483,63.13,205
practice,369,A1,n,/pɹˈæktəs/,sự luyện tập; thực hành,Practice makes perfect.,FALSE,484,63.12,205
model,370,A1,n,/mˈɑdəl/,mẫu; người mẫu; mô hình,This is the latest model.,FALSE,485,63.12,205
raise,371,A1,v,/ɹˈeɪz/,nâng lên; nuôi; tăng,Raise your hand to speak.,FALSE,486,63.11,205
customer,372,A1,n,/kˈʌstəmɚ/,khách hàng,The customer wants a refund.,FALSE,487,63.11,205
front,373,A1,n,/fɹˈʌnt/,"phía trước, mặt trước",Sit in the front row.,FALSE,488,63.07,203
explain,374,A1,v,/ɪksplˈeɪn/,giải thích,Can you explain this rule?,FALSE,489,63.06,202
door,375,A1,n,/dˈɔɹ/,cái cửa,Please shut the door quietly.,TRUE,490,63.05,202
outside,376,A1,adv,/ˈaʊtsˈaɪd/,bên ngoài,The children are playing outside.,FALSE,491,63.02,200
economic,377,A1,adj,/ˌɛkənˈɑmɪk/,thuộc kinh tế,The country faces economic problems.,FALSE,493,62.99,199
site,378,A1,n,/sˈaɪt/,địa điểm; khu; trang web,This is a good building site.,FALSE,494,62.98,199
approach,379,A1,n,/əpɹˈoʊtʃ/,cách tiếp cận; sự đến gần,We need a new approach.,FALSE,495,62.98,199
teacher,380,A1,n,/tˈitʃɚ/,giáo viên,Our teacher is very kind.,TRUE,496,62.98,199
land,381,A1,n,/lˈænd/,đất; đất đai,They bought some land.,FALSE,497,62.94,197
charge,382,A1,v,/tʃˈɑɹdʒ/,tính phí; sạc; buộc tội,They charge ten dollars per hour.,FALSE,498,62.94,197
finally,383,A1,adv,/fˈaɪnəli/,cuối cùng,"Finally, the bus arrived.",FALSE,499,62.93,197
sign,384,A1,n,/sˈaɪn/,dấu hiệu; biển báo,"The sign says ""no parking"".",TRUE,500,62.93,197
claim,385,A1,v,/klˈeɪm/,tuyên bố; đòi (quyền),He claims to be innocent.,FALSE,501,62.93,196
relationship,386,A1,n,/ɹilˈeɪʃənʃˌɪp/,mối quan hệ,They have a good relationship.,FALSE,502,62.93,196
travel,387,A1,v,/tɹˈævəl/,đi du lịch; di chuyển,I love to travel abroad.,FALSE,503,62.91,195
enjoy,388,A1,v,/ˌɛndʒˈɔɪ/,"thích thú, tận hưởng",I enjoy reading in the evening.,FALSE,504,62.89,195
death,389,A1,n,/dˈɛθ/,cái chết,His death shocked everyone.,FALSE,505,62.89,194
nice,390,A1,adj,/nˈaɪs/,"tốt, dễ chịu, đẹp",Have a nice day!,FALSE,506,62.86,193
amount,391,A1,n,/əmˈaʊnt/,"số lượng, lượng",A large amount of money was lost.,FALSE,507,62.86,193
improve,392,A1,v,/ˌɪmpɹˈuv/,"cải thiện, nâng cao",I want to improve my English.,FALSE,508,62.83,192
picture,393,A1,n,/pˈɪktʃɚ/,"bức tranh, bức ảnh",She drew a picture of a cat.,TRUE,509,62.83,192
boy,394,A1,n,/bˈɔɪ/,"cậu bé, con trai",The boy is riding a bike.,TRUE,510,62.83,192
regard,395,A1,v,/ɹɪɡˈɑɹd/,xem như; coi trọng,I regard him as a friend.,FALSE,511,62.82,191
organization,396,A1,n,/ˌɔɹɡənəzˈeɪʃən/,tổ chức,She works for a large organization.,FALSE,512,62.82,191
happy,397,A1,adj,/hˈæpi/,"vui, hạnh phúc",I am happy to see you.,FALSE,513,62.81,191
couple,398,A1,n,/kˈʌpəl/,một cặp; đôi vợ chồng,The couple is dancing.,FALSE,514,62.81,191
act,399,A1,v,/ˈækt/,hành động; diễn (kịch),We must act quickly.,FALSE,515,62.8,190
range,400,A1,n,/ɹˈeɪndʒ/,phạm vi; dãy,The shop sells a wide range of goods.,FALSE,516,62.79,190
quality,401,A1,n,/kwˈɑləti/,chất lượng,This product has high quality.,FALSE,517,62.78,190
project,402,A1,n,/pɹˈɑdʒɛkt/,dự án,We are working on a new project.,FALSE,518,62.78,190
round,403,A1,adj,/ɹˈaʊnd/,tròn,The table is round.,FALSE,519,62.77,189
opportunity,404,A1,n,/ˌɑpɚtˈunəti/,cơ hội,This is a great opportunity.,FALSE,520,62.76,189
road,405,A1,n,/ɹˈoʊd/,con đường,The road is very busy today.,TRUE,521,62.76,189
accord,406,A1,n,/əkˈɔɹd/,sự đồng thuận; hiệp định,They reached an accord after talks.,FALSE,522,62.74,188
list,407,A1,n,/lˈɪst/,danh sách,Make a list of what you need.,FALSE,523,62.73,187
wish,408,A1,v,/wˈɪʃ/,"ước, mong",I wish you good luck.,FALSE,524,62.73,187
wear,409,A1,v,/wˈɛɹ/,"mặc, đội, đeo",She wears glasses.,FALSE,526,62.71,187
fund,410,A1,n,/fˈʌnd/,quỹ; ngân quỹ,They raised a fund for the school.,FALSE,527,62.71,187
rest,411,A1,n,/ɹˈɛst/,sự nghỉ ngơi; phần còn lại,You need some rest.,FALSE,528,62.71,186
kid,412,A1,n,/kˈɪd/,đứa trẻ,The kids are playing outside.,FALSE,529,62.7,186
industry,413,A1,n,/ˈɪndəstɹi/,ngành công nghiệp,The tech industry is growing.,FALSE,530,62.68,185
education,414,A1,n,/ˌɛdʒəkˈeɪʃən/,giáo dục,Education is very important.,FALSE,531,62.67,185
measure,415,A1,v,/mˈɛʒɚ/,"đo, đo lường",Measure the length of the table.,FALSE,532,62.67,185
kill,416,A1,v,/kˈɪl/,giết; làm chết,The frost killed the plants.,FALSE,533,62.65,184
serve,417,A1,v,/sˈɝv/,phục vụ; phụng sự,She serves food at the restaurant.,FALSE,534,62.64,184
likely,418,A1,adj,/lˈaɪkli/,"có khả năng, có thể xảy ra",It is likely to rain today.,FALSE,535,62.62,183
certainly,419,A1,adv,/sˈɝtənli/,"chắc chắn, dĩ nhiên",I will certainly help you.,FALSE,536,62.59,182
national,420,A1,adj,/nˈæʃənəl/,thuộc quốc gia,Football is our national sport.,FALSE,537,62.58,181
teach,421,A1,v,/tˈitʃ/,"dạy, giảng dạy",She teaches English at a school.,FALSE,539,62.57,181
field,422,A1,n,/fˈild/,cánh đồng; lĩnh vực,The farmer works in the field.,TRUE,540,62.57,181
security,423,A1,n,/sɪkjˈʊɹəti/,an ninh; sự an toàn,Airport security is very strict.,FALSE,541,62.54,180
air,424,A1,n,/ˈɛɹ/,không khí,The mountain air is fresh.,FALSE,542,62.53,179
benefit,425,A1,n,/bˈɛnəfɪt/,lợi ích,Exercise has many benefits.,FALSE,543,62.53,179
trade,426,A1,n,/tɹˈeɪd/,thương mại; sự trao đổi,Trade between the two countries grew.,FALSE,544,62.52,179
risk,427,A1,n,/ɹˈɪsk/,"rủi ro, nguy cơ",Smoking is a health risk.,FALSE,545,62.52,179
news,428,A1,n,/nˈuz/,tin tức,I watch the news every evening.,FALSE,546,62.51,178
standard,429,A1,n,/stˈændɚd/,tiêu chuẩn,The hotel meets high standards.,FALSE,547,62.5,178
vote,430,A1,v,/vˈoʊt/,"bỏ phiếu, bầu",Everyone should vote in the election.,FALSE,548,62.49,177
percent,431,A1,n,/pɚsˈɛnt/,phần trăm,Ninety percent of students passed.,FALSE,549,62.49,177
focus,432,A1,v,/fˈoʊkəs/,tập trung,Focus on your studies.,FALSE,550,62.48,177
stage,433,A1,n,/stˈeɪdʒ/,sân khấu; giai đoạn,The singer walked onto the stage.,FALSE,551,62.47,177
space,434,A1,n,/spˈeɪs/,không gian; khoảng trống; vũ trụ,There is no space in the room.,FALSE,552,62.46,176
instead,435,A1,adv,/ˌɪnstˈɛd/,"thay vì, thay vào đó",Let's walk instead of driving.,FALSE,553,62.46,176
realize,436,A1,v,/ɹˈiəlˌaɪz/,nhận ra; thực hiện,I didn't realize it was so late.,FALSE,554,62.46,176
usually,437,A1,adv,/jˈuʒəwəli/,thường thường,I usually get up at six.,FALSE,555,62.44,175
data,438,A1,n,/dˈeɪtə/,dữ liệu,We collected a lot of data.,FALSE,556,62.42,174
single,439,A1,adj,/sˈɪŋɡəl/,đơn; độc thân; duy nhất,She lives in a single room.,FALSE,557,62.41,174
address,440,A1,n,/ˈædɹˌɛs/,địa chỉ,Please write down your address.,FALSE,558,62.37,173
performance,441,A1,n,/pɚfˈɔɹməns/,sự biểu diễn; hiệu suất,Her performance was excellent.,FALSE,559,62.36,172
chance,442,A1,n,/tʃˈæns/,cơ hội; khả năng,Give me another chance.,FALSE,560,62.36,172
accept,443,A1,v,/æksˈɛpt/,"chấp nhận, nhận",Please accept my apology.,FALSE,561,62.36,172
society,444,A1,n,/səsˈaɪəti/,xã hội,We live in a modern society.,FALSE,562,62.35,172
technology,445,A1,n,/tɛknˈɑlədʒi/,công nghệ,Technology changes very fast.,FALSE,563,62.35,172
mention,446,A1,v,/mˈɛnʃən/,"đề cập, nhắc đến",She mentioned your name.,FALSE,564,62.35,172
choice,447,A1,n,/tʃˈɔɪs/,sự lựa chọn,You have no choice.,FALSE,565,62.33,171
save,448,A1,v,/sˈeɪv/,tiết kiệm; cứu; lưu,Save your money for the future.,FALSE,566,62.33,171
common,449,A1,adj,/kˈɑmən/,phổ biến; chung,This is a common mistake.,FALSE,567,62.32,170
culture,450,A1,n,/kˈʌltʃɚ/,văn hóa,I love learning about other cultures.,FALSE,568,62.29,170
total,451,A1,n,/tˈoʊtəl/,tổng số,The total is fifty dollars.,FALSE,569,62.28,169
demand,452,A1,n,/dɪmˈænd/,nhu cầu; yêu cầu,There is high demand for teachers.,FALSE,570,62.27,169
material,453,A1,n,/mətˈɪɹiəl/,vật liệu; tài liệu,We need building materials.,TRUE,571,62.26,168
limit,454,A1,n,/lˈɪmət/,giới hạn,There is a speed limit here.,FALSE,572,62.25,168
listen,455,A1,v,/lˈɪsən/,"nghe, lắng nghe",Listen to me carefully.,FALSE,573,62.25,168
due,456,A1,adj,/dˈu/,đến hạn; do bởi,The report is due tomorrow.,FALSE,574,62.23,167
wrong,457,A1,adj,/ɹˈɔŋ/,sai; hỏng,You gave the wrong answer.,FALSE,575,62.23,167
foot,458,A1,n,/fˈʊt/,bàn chân,My foot hurts.,TRUE,576,62.22,167
effort,459,A1,n,/ˈɛfɚt/,"sự nỗ lực, cố gắng",Please make an effort.,FALSE,577,62.22,167
attention,460,A1,n,/ətˈɛnʃən/,sự chú ý,May I have your attention?,FALSE,578,62.21,166
check,461,A1,v,/tʃˈɛk/,kiểm tra,Check your answers carefully.,FALSE,580,62.2,166
complete,462,A1,v,/kəmplˈit/,hoàn thành,"Complete the form, please.",FALSE,581,62.2,166
lie,463,A1,v,/lˈaɪ/,nói dối; nằm,Don't lie to me.,FALSE,582,62.19,166
pick,464,A1,v,/pˈɪk/,chọn; hái; nhặt,"Pick a card, any card.",FALSE,583,62.19,166
reduce,465,A1,v,/ɹədˈus/,"giảm, làm giảm",We must reduce waste.,FALSE,584,62.19,165
personal,466,A1,adj,/pˈɝsɪnəl/,cá nhân; riêng tư,This is a personal matter.,FALSE,585,62.19,165
ground,467,A1,n,/ɡɹˈaʊnd/,mặt đất; nền,The ball fell to the ground.,TRUE,586,62.18,165
animal,468,A1,n,/ˈænəməl/,"động vật, con vật",The zoo has many wild animals.,TRUE,587,62.17,165
arrive,469,A1,v,/ɚˈaɪv/,"đến, tới",The train arrives at noon.,FALSE,588,62.17,165
patient,470,A1,n,/pˈeɪʃənt/,bệnh nhân,The doctor sees many patients.,FALSE,589,62.17,165
current,471,A1,adj,/kˈɝənt/,hiện tại; hiện thời,What is the current time?,FALSE,590,62.15,164
century,472,A1,n,/sˈɛntʃɚi/,thế kỷ,This church is a century old.,FALSE,591,62.14,163
evidence,473,A1,n,/ˈɛvədəns/,bằng chứng,There is no evidence of a crime.,FALSE,592,62.13,163
exist,474,A1,v,/ɪɡzˈɪst/,tồn tại,Dinosaurs no longer exist.,FALSE,593,62.13,163
similar,475,A1,adj,/sˈɪməlɚ/,"tương tự, giống nhau",These two bags are similar.,FALSE,594,62.12,163
fight,476,A1,v,/fˈaɪt/,chiến đấu; đánh nhau,The soldiers fought bravely.,FALSE,595,62.12,163
leader,477,A1,n,/lˈidɚ/,người lãnh đạo,She is a strong leader.,FALSE,596,62.12,163
fine,478,A1,adj,/fˈaɪn/,"tốt, ổn; tinh tế",I feel fine today.,FALSE,597,62.11,162
street,479,A1,n,/stɹˈit/,đường phố,The street is full of shops.,TRUE,598,62.11,162
former,480,A1,adj,/fˈɔɹmɚ/,"trước đây, cựu",He is a former president.,FALSE,599,62.1,162
contact,481,A1,v,/kˈɑntˌækt/,"liên lạc, liên hệ",Please contact me by email.,FALSE,600,62.09,162
particularly,482,A1,adv,/pˌɑɹtˈɪkjəlɚli/,đặc biệt là,I am particularly tired today.,FALSE,601,62.09,162
wife,483,A1,n,/wˈaɪf/,vợ,His wife is a doctor.,FALSE,602,62.06,161
sport,484,A1,n,/spˈɔɹt/,thể thao,Football is a popular sport.,FALSE,603,62.06,161
prepare,485,A1,v,/pɹipˈɛɹ/,chuẩn bị,She prepared dinner for guests.,FALSE,604,62.04,160
discuss,486,A1,v,/dɪskˈʌs/,"thảo luận, bàn luận",Let's discuss the plan.,FALSE,605,62.03,160
response,487,A1,n,/ɹɪspˈɑns/,"sự phản hồi, câu trả lời",I got no response to my email.,FALSE,606,62.03,159
voice,488,A1,n,/vˈɔɪs/,giọng nói,She has a lovely voice.,FALSE,607,62.02,159
piece,489,A1,n,/pˈis/,"miếng, mảnh; tác phẩm",Have a piece of cake.,FALSE,608,62.01,159
finish,490,A1,v,/fˈɪnɪʃ/,"kết thúc, hoàn thành",Finish your homework first.,FALSE,609,62,158
suppose,491,A1,v,/səpˈoʊz/,cho rằng; giả sử,I suppose you are right.,FALSE,610,61.97,157
apply,492,A1,v,/əplˈaɪ/,áp dụng; nộp đơn,She applied for the job.,FALSE,611,61.97,157
president,493,A1,n,/pɹˈɛzədˌɛnt/,chủ tịch; tổng thống,The president gave a speech.,FALSE,612,61.97,157
fire,494,A1,n,/fˈaɪɚ/,lửa; hỏa hoạn,The fire spread quickly.,TRUE,613,61.96,157
compare,495,A1,v,/kəmpˈɛɹ/,so sánh,Compare these two pictures.,FALSE,614,61.95,157
court,496,A1,n,/kˈɔɹt/,tòa án; sân (thể thao),The case went to court.,TRUE,615,61.94,156
police,497,A1,n,/pəlˈis/,cảnh sát,Call the police right now.,FALSE,616,61.93,156
store,498,A1,n,/stˈɔɹ/,cửa hàng,I bought milk at the store.,TRUE,617,61.92,156
poor,499,A1,adj,/pˈuɹ/,nghèo; kém,The poor family needs help.,FALSE,618,61.92,156
knowledge,500,A1,n,/nˈɑlədʒ/,kiến thức,She has deep knowledge of history.,FALSE,619,61.91,155
laugh,501,A2,v,/lˈæf/,cười,The joke made everyone laugh.,FALSE,620,61.91,155
arm,502,A2,n,/ˈɑɹm/,cánh tay,He broke his arm.,TRUE,621,61.9,155
heart,503,A2,n,/hˈɑɹt/,trái tim; tấm lòng,My heart beats fast.,TRUE,622,61.9,155
source,504,A2,n,/sˈɔɹs/,nguồn,Water is a source of life.,FALSE,623,61.9,155
employee,505,A2,n,/ɛmplˈɔɪi/,nhân viên,The company has fifty employees.,FALSE,624,61.89,154
manage,506,A2,v,/mˈænədʒ/,quản lý; xoay xở,She manages a small team.,FALSE,625,61.87,154
simply,507,A2,adv,/sˈɪmpli/,đơn giản là; chỉ,It is simply too expensive.,FALSE,626,61.86,153
bank,508,A2,n,/bˈæŋk/,ngân hàng; bờ (sông),I went to the bank this morning.,TRUE,627,61.85,153
firm,509,A2,n,/fˈɝm/,"công ty, hãng",She works for a law firm.,FALSE,628,61.84,153
cell,510,A2,n,/sˈɛl/,tế bào; xà lim; ô,The human body has many cells.,FALSE,629,61.84,153
article,511,A2,n,/ˈɑɹtəkəl/,bài báo; điều khoản,I read an interesting article.,FALSE,630,61.81,152
fast,512,A2,adj,/fˈæst/,nhanh,He is a fast runner.,FALSE,631,61.8,151
attack,513,A2,v,/ətˈæk/,tấn công,The dog attacked the stranger.,FALSE,632,61.79,151
foreign,514,A2,adj,/fˈɔɹən/,"nước ngoài, ngoại",I want to learn a foreign language.,FALSE,633,61.79,151
surprise,515,A2,n,/sɚpɹˈaɪz/,sự ngạc nhiên; điều bất ngờ,The party was a big surprise.,FALSE,634,61.78,151
feature,516,A2,n,/fˈitʃɚ/,đặc điểm; tính năng,This phone has many features.,FALSE,635,61.77,150
factor,517,A2,n,/fˈæktɚ/,"yếu tố, nhân tố",Price is an important factor.,FALSE,636,61.77,150
pretty,518,A2,adv,/pɹˈɪti/,khá; (adj) xinh,The test was pretty hard.,FALSE,637,61.76,150
recently,519,A2,adv,/ɹˈisəntli/,gần đây,I recently moved to a new city.,FALSE,638,61.76,150
affect,520,A2,v,/əfˈɛkt/,"ảnh hưởng, tác động",The weather affects my mood.,FALSE,639,61.76,150
drop,521,A2,v,/dɹˈɑp/,rơi; làm rơi; giảm,Don't drop the plate.,FALSE,640,61.75,150
recent,522,A2,adj,/ɹˈisənt/,"gần đây, mới đây","In recent years, prices rose.",FALSE,641,61.74,149
relate,523,A2,v,/ɹɪlˈeɪt/,liên quan; kể lại,This topic relates to health.,FALSE,642,61.74,149
official,524,A2,adj,/əfˈɪʃəl/,chính thức,This is the official website.,FALSE,643,61.73,149
financial,525,A2,adj,/fənˈænʃəl/,thuộc tài chính,She gives financial advice.,FALSE,644,61.73,149
miss,526,A2,v,/mˈɪs/,nhớ; lỡ; bỏ lỡ,I miss my family.,FALSE,645,61.72,149
art,527,A2,n,/ˈɑɹt/,nghệ thuật,She studies modern art.,FALSE,646,61.72,149
campaign,528,A2,n,/kæmpˈeɪn/,chiến dịch,They ran an advertising campaign.,FALSE,647,61.71,148
private,529,A2,adj,/pɹˈaɪvət/,riêng tư; tư nhân,This is a private conversation.,FALSE,648,61.71,148
pause,530,A2,v,/pˈɔz/,tạm dừng,He paused before answering.,FALSE,649,61.7,148
forget,531,A2,v,/fɚɡˈɛt/,quên,Don't forget your keys.,FALSE,651,61.68,147
page,532,A2,n,/pˈeɪdʒ/,trang (sách/giấy),Turn to page ten.,TRUE,652,61.68,147
worry,533,A2,v,/wˈɝi/,lo lắng,Don't worry about the test.,FALSE,653,61.68,147
summer,534,A2,n,/sˈʌmɚ/,mùa hè,We travel every summer.,FALSE,654,61.67,147
drink,535,A2,v,/dɹˈɪŋk/,uống,Drink plenty of water.,FALSE,655,61.66,147
opinion,536,A2,n,/əpˈɪnjən/,"ý kiến, quan điểm","In my opinion, he is right.",FALSE,656,61.66,147
park,537,A2,n,/pˈɑɹk/,công viên,We walked in the park.,TRUE,657,61.65,146
represent,538,A2,v,/ɹˌɛpɹɪzˈɛnt/,đại diện; tượng trưng,She represents our school.,FALSE,658,61.64,146
key,539,A2,n,/kˈi/,chìa khóa; then chốt,I lost my house key.,TRUE,659,61.64,146
inside,540,A2,adv,/ˌɪnsˈaɪd/,bên trong,Let's wait inside.,FALSE,660,61.62,145
manager,541,A2,n,/mˈænədʒɚ/,người quản lý,The manager is very busy.,FALSE,661,61.6,145
international,542,A2,adj,/ˌɪntɚnˈæʃənəl/,quốc tế,This is an international airport.,FALSE,662,61.59,144
contain,543,A2,v,/kəntˈeɪn/,"chứa, chứa đựng",This box contains books.,FALSE,663,61.58,144
notice,544,A2,v,/nˈoʊtəs/,"nhận thấy, để ý",I noticed a new sign.,FALSE,664,61.56,143
wonder,545,A2,v,/wˈʌndɚ/,tự hỏi; ngạc nhiên,I wonder where she is.,FALSE,665,61.56,143
nature,546,A2,n,/nˈeɪtʃɚ/,thiên nhiên; bản chất,I love spending time in nature.,FALSE,666,61.55,143
structure,547,A2,n,/stɹˈʌktʃɚ/,cấu trúc; công trình,The bridge has a strong structure.,FALSE,667,61.55,143
section,548,A2,n,/sˈɛkʃən/,phần; khu vực,Read the first section only.,FALSE,668,61.54,142
exactly,549,A2,adv,/ɪɡzˈæktli/,chính xác,That's exactly what I meant.,FALSE,670,61.52,142
plant,550,A2,n,/plˈænt/,cây; nhà máy,I water my plants every day.,TRUE,671,61.52,142
paint,551,A2,v,/pˈeɪnt/,sơn; vẽ (bằng màu),They painted the wall blue.,FALSE,672,61.51,142
worker,552,A2,n,/wˈɝkɚ/,"công nhân, người lao động",The workers built the road.,FALSE,673,61.5,141
press,553,A2,v,/pɹˈɛs/,"ấn, nhấn; ép",Press the red button.,FALSE,674,61.5,141
whatever,554,A2,pron,/wˌʌtˈɛvɚ/,bất cứ điều gì,Do whatever you like.,FALSE,675,61.5,141
necessary,555,A2,adj,/nˈɛsəsˌɛɹi/,cần thiết,Sleep is necessary for health.,FALSE,676,61.5,141
region,556,A2,n,/ɹˈidʒən/,"vùng, khu vực",This region is famous for tea.,FALSE,677,61.48,141
growth,557,A2,n,/ɡɹˈoʊθ/,"sự tăng trưởng, phát triển",Economic growth is slow.,FALSE,678,61.46,140
evening,558,A2,n,/ˈivnɪŋ/,buổi tối,I read every evening.,FALSE,679,61.46,140
influence,559,A2,n,/ˈɪnfluəns/,ảnh hưởng,Parents have a big influence on children.,FALSE,680,61.46,140
respect,560,A2,n,/ɹɪspˈɛkt/,sự tôn trọng,Show respect to your teachers.,FALSE,681,61.46,140
various,561,A2,adj,/vˈɛɹiəs/,"khác nhau, đa dạng",The shop sells various goods.,FALSE,682,61.46,140
catch,562,A2,v,/kˈætʃ/,bắt; kịp; mắc (bệnh),Catch the ball!,FALSE,683,61.45,140
skill,563,A2,n,/skˈɪl/,kỹ năng,Cooking is a useful skill.,FALSE,685,61.43,139
attempt,564,A2,n,/ətˈɛmpt/,"sự cố gắng, nỗ lực",This is my first attempt.,FALSE,686,61.42,139
son,565,A2,n,/sˈʌn/,con trai,Their son is very tall.,FALSE,687,61.42,139
simple,566,A2,adj,/sˈɪmpəl/,đơn giản,This is a simple task.,FALSE,688,61.41,138
medium,567,A2,adj,/mˈidiəm/,"trung bình, vừa",I ordered a medium coffee.,FALSE,689,61.41,138
average,568,A2,adj,/ˈævɚɪdʒ/,trung bình,The average age is thirty.,FALSE,690,61.41,138
stock,569,A2,n,/stˈɑk/,cổ phiếu; hàng dự trữ,The item is out of stock.,FALSE,691,61.4,138
management,570,A2,n,/mˈænədʒmənt/,sự quản lý; ban quản lý,Good management saves money.,FALSE,692,61.39,138
character,571,A2,n,/kˈɛɹɪktɚ/,tính cách; nhân vật; ký tự,He is my favorite character.,FALSE,693,61.38,138
bed,572,A2,n,/bˈɛd/,cái giường,I make my bed every morning.,TRUE,694,61.38,137
hit,573,A2,v,/hˈɪt/,"đánh; đụng, va",The car hit a tree.,FALSE,695,61.38,137
establish,574,A2,v,/ɪstˈæblɪʃ/,thành lập; thiết lập,They established a new school.,FALSE,696,61.37,137
indeed,575,A2,adv,/ˌɪndˈid/,"thật vậy, quả thực",It is indeed a difficult problem.,FALSE,697,61.36,137
final,576,A2,adj,/fˈaɪnəl/,cuối cùng,This is my final decision.,FALSE,698,61.36,137
economy,577,A2,n,/ɪkˈɑnəmi/,nền kinh tế,The economy is growing slowly.,FALSE,699,61.35,137
fit,578,A2,v,/fˈɪt/,vừa vặn; phù hợp,These shoes fit me well.,FALSE,700,61.35,137
guy,579,A2,n,/ɡˈaɪ/,"anh chàng, gã",He is a nice guy.,FALSE,701,61.33,136
function,580,A2,n,/fˈʌŋkʃən/,"chức năng, công dụng",What is the function of this button?,FALSE,702,61.32,135
yesterday,581,A2,adv,/jˈɛstɚdˌeɪ/,hôm qua,I saw her yesterday.,FALSE,703,61.32,135
image,582,A2,n,/ˈɪmədʒ/,hình ảnh,The image is very clear.,TRUE,704,61.31,135
size,583,A2,n,/sˈaɪz/,"kích cỡ, cỡ",What size do you wear?,FALSE,705,61.3,135
behavior,584,A2,n,/bɪhˈeɪvjɚ/,"hành vi, cách cư xử",His behavior was strange.,FALSE,706,61.3,135
addition,585,A2,n,/ədˈɪʃən/,sự thêm vào; phép cộng,"In addition, we need more time.",FALSE,707,61.3,135
determine,586,A2,v,/dətˈɝmən/,xác định; quyết tâm,Scientists determined the cause.,FALSE,708,61.29,134
station,587,A2,n,/stˈeɪʃən/,nhà ga; trạm,I'll meet you at the station.,TRUE,709,61.28,134
population,588,A2,n,/pˌɑpjəlˈeɪʃən/,dân số,The city has a large population.,FALSE,710,61.28,134
fail,589,A2,v,/fˈeɪl/,thất bại; trượt,He failed the exam.,FALSE,711,61.27,134
environment,590,A2,n,/ɪnvˈaɪɹənmənt/,môi trường,We must protect the environment.,FALSE,712,61.27,134
production,591,A2,n,/pɹədˈʌkʃən/,sự sản xuất,Car production increased this year.,FALSE,713,61.25,133
contract,592,A2,n,/kˈɑntɹˌækt/,hợp đồng,She signed a new contract.,TRUE,714,61.24,133
player,593,A2,n,/plˈeɪɚ/,"người chơi, cầu thủ",He is a famous football player.,FALSE,715,61.22,132
comment,594,A2,n,/kˈɑmɛnt/,"lời bình luận, nhận xét",She made a helpful comment.,FALSE,716,61.22,132
enter,595,A2,v,/ˈɛntɚ/,đi vào; nhập,Please enter the room quietly.,FALSE,717,61.21,132
occur,596,A2,v,/əkˈɝ/,xảy ra,The accident occurred at night.,FALSE,718,61.2,132
alone,597,A2,adj,/əlˈoʊn/,"một mình, cô đơn",She lives alone.,FALSE,719,61.2,132
significant,598,A2,adj,/səɡnˈɪfɪkənt/,quan trọng; đáng kể,There was a significant change.,FALSE,720,61.18,131
drug,599,A2,n,/dɹˈʌɡ/,thuốc; ma túy,The doctor gave me a new drug.,FALSE,721,61.18,131
wall,600,A2,n,/wˈɔl/,bức tường,Hang the picture on the wall.,TRUE,722,61.17,131
series,601,A2,n,/sˈɪɹiz/,"loạt, chuỗi; bộ phim",I watched a new TV series.,FALSE,723,61.17,131
direct,602,A2,adj,/dɚˈɛkt/,trực tiếp; thẳng,Is there a direct flight?,FALSE,724,61.16,131
success,603,A2,n,/səksˈɛs/,sự thành công,Hard work leads to success.,FALSE,725,61.15,130
tomorrow,604,A2,adv,/təmˈɑɹˌoʊ/,ngày mai,See you tomorrow.,FALSE,726,61.14,130
director,605,A2,n,/dɚˈɛktɚ/,giám đốc; đạo diễn,She is the school director.,FALSE,727,61.13,130
clearly,606,A2,adv,/klˈɪɹli/,rõ ràng,She clearly explained the rules.,FALSE,728,61.13,130
lack,607,A2,n,/lˈæk/,sự thiếu hụt,There is a lack of water.,FALSE,729,61.12,129
review,608,A2,n,/ɹˌivjˈu/,bài đánh giá; sự xem lại,I read a review of the film.,FALSE,730,61.12,129
depend,609,A2,v,/dɪpˈɛnd/,phụ thuộc; tùy thuộc,It depends on the weather.,FALSE,731,61.1,129
race,610,A2,n,/ɹˈeɪs/,cuộc đua; chủng tộc,He won the running race.,FALSE,732,61.1,129
recognize,611,A2,v,/ɹˈɛkəɡnˌaɪz/,nhận ra; công nhận,I didn't recognize you.,FALSE,733,61.1,129
window,612,A2,n,/wˈɪndoʊ/,cửa sổ,Open the window for fresh air.,TRUE,734,61.1,129
purpose,613,A2,n,/pˈɝpəs/,mục đích,What is the purpose of this trip?,FALSE,735,61.09,128
department,614,A2,n,/dɪpˈɑɹtmənt/,"phòng, ban; khoa",She works in the sales department.,FALSE,736,61.09,128
gain,615,A2,v,/ɡˈeɪn/,đạt được; tăng,He gained a lot of experience.,FALSE,737,61.08,128
tree,616,A2,n,/tɹˈi/,cái cây,The tree is very tall.,TRUE,738,61.08,128
college,617,A2,n,/kˈɑlɪdʒ/,"trường cao đẳng, đại học",My sister is in college.,TRUE,739,61.07,128
argue,618,A2,v,/ˈɑɹɡju/,tranh luận; cãi nhau,They often argue about money.,FALSE,740,61.07,128
board,619,A2,n,/bˈɔɹd/,bảng; ban (lãnh đạ); ván,Write it on the board.,TRUE,741,61.06,128
holiday,620,A2,n,/hˈɑlədˌeɪ/,kỳ nghỉ; ngày lễ,We are going on holiday soon.,FALSE,742,61.05,127
mark,621,A2,n,/mˈɑɹk/,dấu; điểm số,She got a high mark.,FALSE,743,61.05,127
church,622,A2,n,/tʃˈɝtʃ/,nhà thờ,They go to church on Sundays.,TRUE,744,61.02,127
machine,623,A2,n,/məʃˈin/,cái máy,This machine makes coffee.,TRUE,745,61.02,126
achieve,624,A2,v,/ətʃˈiv/,đạt được,She achieved her goal.,FALSE,746,61.02,126
item,625,A2,n,/ˈaɪtəm/,"món, mục, thứ",Add this item to the list.,FALSE,747,61.02,126
prove,626,A2,v,/pɹˈuv/,chứng minh,Can you prove it?,FALSE,748,61.02,126
cent,627,A2,n,/sˈɛnt/,xu (tiền),This costs fifty cents.,FALSE,749,61.02,126
season,628,A2,n,/sˈizən/,mùa,Autumn is my favorite season.,FALSE,750,61.01,126
floor,629,A2,n,/flˈɔɹ/,sàn nhà; tầng,Don't sit on the floor.,TRUE,751,61.01,126
stuff,630,A2,n,/stˈʌf/,"đồ đạc, thứ",Put your stuff over there.,FALSE,752,61.01,126
wide,631,A2,adj,/wˈaɪd/,rộng,The river is very wide.,FALSE,753,61.01,126
method,632,A2,n,/mˈɛθəd/,phương pháp,This is a new teaching method.,FALSE,755,61.01,126
analysis,633,A2,n,/ənˈæləsəs/,sự phân tích,The data needs careful analysis.,FALSE,756,61,126
election,634,A2,n,/ɪlˈɛkʃən/,cuộc bầu cử,The election is next month.,FALSE,757,60.99,126
military,635,A2,adj,/mˈɪlətˌɛɹi/,thuộc quân sự,He joined the military school.,FALSE,758,60.99,126
hotel,636,A2,n,/hoʊtˈɛl/,khách sạn,We stayed at a nice hotel.,TRUE,759,60.99,126
club,637,A2,n,/klˈʌb/,câu lạc bộ,I joined the chess club.,FALSE,760,60.99,126
movie,638,A2,n,/mˈuvi/,phim,Let's watch a movie tonight.,FALSE,762,60.99,126
doctor,639,A2,n,/dˈɑktɚ/,bác sĩ,The doctor examined the patient.,TRUE,763,60.98,125
discussion,640,A2,n,/dɪskˈʌʃən/,cuộc thảo luận,We had a long discussion.,FALSE,764,60.98,125
sorry,641,A2,adj,/sˈɑɹi/,xin lỗi; tiếc,I'm sorry for being late.,FALSE,765,60.98,125
challenge,642,A2,n,/tʃˈæləndʒ/,thử thách,Learning English is a challenge.,FALSE,766,60.98,125
nation,643,A2,n,/nˈeɪʃən/,"quốc gia, dân tộc",The whole nation celebrated.,FALSE,767,60.96,125
nearly,644,A2,adv,/nˈɪɹli/,"gần, suýt",It is nearly midnight.,FALSE,768,60.96,125
statement,645,A2,n,/stˈeɪtmənt/,lời tuyên bố; bản kê,He made a public statement.,FALSE,769,60.95,125
link,646,A2,n,/lˈɪŋk/,liên kết; mối liên hệ,Click the link to continue.,FALSE,770,60.95,124
introduce,647,A2,v,/ˌɪntɹədˈus/,giới thiệu,Let me introduce my friend.,FALSE,772,60.94,124
advantage,648,A2,n,/ædvˈæntɪdʒ/,"lợi thế, ưu điểm",Speaking English is an advantage.,FALSE,773,60.94,124
ready,649,A2,adj,/ɹˈɛdi/,sẵn sàng,Are you ready to go?,FALSE,774,60.94,124
marry,650,A2,v,/mˈɛɹi/,"kết hôn, cưới",They will marry in spring.,FALSE,775,60.93,124
strike,651,A2,v,/stɹˈaɪk/,đánh; đình công,The clock struck twelve.,FALSE,776,60.93,124
mile,652,A2,n,/mˈaɪl/,dặm (đơn vị),The town is five miles away.,FALSE,777,60.92,124
seek,653,A2,v,/sˈik/,tìm kiếm,She is seeking a new job.,FALSE,778,60.92,123
ability,654,A2,n,/əbˈɪlətˌi/,khả năng,He has the ability to lead.,FALSE,779,60.9,123
unit,655,A2,n,/jˈunət/,đơn vị,A meter is a unit of length.,FALSE,780,60.9,123
card,656,A2,n,/kˈɑɹd/,tấm thẻ; thiệp,I paid with a credit card.,TRUE,781,60.89,123
hospital,657,A2,n,/hˈɑspˌɪtəl/,bệnh viện,She works at a hospital.,TRUE,782,60.88,123
quickly,658,A2,adv,/kwˈɪkli/,nhanh chóng,Please answer quickly.,FALSE,783,60.86,122
interview,659,A2,n,/ˈɪntɚvjˌu/,cuộc phỏng vấn,I have a job interview tomorrow.,FALSE,784,60.86,122
agreement,660,A2,n,/əɡɹˈimənt/,sự thỏa thuận; hiệp định,They signed an agreement.,FALSE,785,60.85,122
release,661,A2,v,/ɹilˈis/,phát hành; thả,The band released a new song.,FALSE,786,60.85,122
tax,662,A2,n,/tˈæks/,thuế,We pay tax every year.,FALSE,787,60.85,122
solution,663,A2,n,/səlˈuʃən/,giải pháp; dung dịch,There is no easy solution.,FALSE,788,60.85,122
capital,664,A2,n,/kˈæpətəl/,thủ đô; vốn,Hanoi is the capital of Vietnam.,FALSE,789,60.83,121
popular,665,A2,adj,/pˈɑpjəlɚ/,phổ biến; được ưa chuộng,This song is very popular.,FALSE,790,60.82,121
specific,666,A2,adj,/spəsˈɪfɪk/,cụ thể; riêng,Give me a specific example.,FALSE,791,60.82,121
beautiful,667,A2,adj,/bjˈutəfəl/,"đẹp, xinh đẹp",What a beautiful garden!,FALSE,792,60.82,121
fear,668,A2,n,/fˈɪɹ/,nỗi sợ hãi,She has a fear of heights.,FALSE,793,60.81,121
aim,669,A2,n,/ˈeɪm/,"mục tiêu, mục đích",My aim is to pass the exam.,FALSE,794,60.81,121
television,670,A2,n,/tˈɛləvˌɪʒən/,"tivi, truyền hình",Turn off the television.,TRUE,795,60.81,120
serious,671,A2,adj,/sˈɪɹiəs/,nghiêm trọng; nghiêm túc,This is a serious problem.,FALSE,796,60.81,120
target,672,A2,n,/tˈɑɹɡət/,mục tiêu; đích,We reached our sales target.,FALSE,797,60.8,120
degree,673,A2,n,/dɪɡɹˈi/,độ; bằng cấp,It is thirty degrees today.,FALSE,798,60.78,120
pull,674,A2,v,/pˈʊl/,kéo,Pull the door to open it.,FALSE,799,60.77,120
red,675,A2,adj,/ɹˈɛd/,màu đỏ,She has a red car.,FALSE,800,60.77,119
husband,676,A2,n,/hˈʌzbənd/,chồng,Her husband is a teacher.,FALSE,801,60.77,119
access,677,A2,n,/ˈæksˌɛs/,quyền truy cập; lối vào,I have access to the internet.,FALSE,802,60.77,119
movement,678,A2,n,/mˈuvmənt/,sự chuyển động; phong trào,I saw a movement in the dark.,FALSE,803,60.75,119
treat,679,A2,v,/tɹˈit/,đối xử; điều trị,The doctor treats sick people.,FALSE,804,60.74,119
identify,680,A2,v,/aɪdˈɛntəfˌaɪ/,nhận diện; xác định,Can you identify this plant?,FALSE,805,60.73,118
loss,681,A2,n,/lˈɔs/,sự mất mát; thua lỗ,The team suffered a big loss.,FALSE,806,60.72,118
modern,682,A2,adj,/mˈɑdɚn/,hiện đại,They live in a modern house.,FALSE,808,60.7,117
pressure,683,A2,n,/pɹˈɛʃɚ/,áp lực; áp suất,He is under a lot of pressure.,FALSE,809,60.7,117
bus,684,A2,n,/bˈʌs/,xe buýt,I take the bus to school.,TRUE,810,60.69,117
treatment,685,A2,n,/tɹˈitmənt/,sự điều trị; cách đối xử,The treatment was successful.,FALSE,811,60.69,117
conference,686,A2,n,/kˈɑnfɚəns/,hội nghị,She attended a business conference.,FALSE,812,60.68,117
supply,687,A2,n,/səplˈaɪ/,nguồn cung; sự cung cấp,Water supply is limited here.,FALSE,814,60.66,116
village,688,A2,n,/vˈɪlədʒ/,"làng, ngôi làng",She grew up in a small village.,TRUE,815,60.65,116
worth,689,A2,adj,/wˈɝθ/,đáng giá; trị giá,This book is worth reading.,FALSE,816,60.64,116
natural,690,A2,adj,/nˈætʃɚəl/,tự nhiên,This is a natural product.,FALSE,817,60.64,116
express,691,A2,v,/ɪkspɹˈɛs/,"bày tỏ, diễn đạt",She expressed her thanks.,FALSE,818,60.64,116
indicate,692,A2,v,/ˈɪndəkˌeɪt/,chỉ ra; cho thấy,The sign indicates danger.,FALSE,819,60.64,116
attend,693,A2,v,/ətˈɛnd/,tham dự,Many people attended the meeting.,FALSE,820,60.63,116
brother,694,A2,n,/bɹˈʌðɚ/,"anh, em trai",My brother plays the guitar.,FALSE,821,60.63,116
investment,695,A2,n,/ˌɪnvˈɛstmənt/,sự đầu tư; khoản đầu tư,Education is a good investment.,FALSE,822,60.63,116
score,696,A2,n,/skˈɔɹ/,điểm số; tỷ số,The final score was two to one.,FALSE,823,60.62,115
organize,697,A2,v,/ˈɔɹɡənˌaɪz/,tổ chức; sắp xếp,She organized the party.,FALSE,824,60.62,115
trip,698,A2,n,/tɹˈɪp/,chuyến đi,We had a great trip to Da Lat.,FALSE,825,60.62,115
sleep,699,A2,v,/slˈip/,ngủ,I sleep eight hours every night.,FALSE,827,60.61,115
fish,700,A2,n,/fˈɪʃ/,con cá,We caught three fish.,TRUE,828,60.6,115
promise,701,A2,v,/pɹˈɑməs/,hứa,I promise to come on time.,FALSE,829,60.6,115
potential,702,A2,n,/pətˈɛnʃəl/,tiềm năng,She has great potential.,FALSE,830,60.59,115
energy,703,A2,n,/ˈɛnɚdʒi/,năng lượng; sức lực,Children have a lot of energy.,FALSE,831,60.59,115
trouble,704,A2,n,/tɹˈʌbəl/,"rắc rối, khó khăn",He is in serious trouble.,FALSE,832,60.59,115
relation,705,A2,n,/ɹilˈeɪʃən/,"mối quan hệ, liên hệ",The two events have no relation.,FALSE,833,60.58,114
touch,706,A2,v,/tˈʌtʃ/,"chạm, sờ",Don't touch the hot pan.,FALSE,834,60.56,114
file,707,A2,n,/fˈaɪl/,tập tin; hồ sơ,Save the file on your computer.,TRUE,835,60.56,114
middle,708,A2,n,/mˈɪdəl/,"giữa, ở giữa",Stand in the middle of the room.,FALSE,836,60.56,114
bar,709,A2,n,/bˈɑɹ/,"quán bar; thanh, thỏi",We met at a small bar.,TRUE,837,60.55,114
suffer,710,A2,v,/sˈʌfɚ/,chịu đựng; đau khổ,Many people suffered in the flood.,FALSE,838,60.55,113
strategy,711,A2,n,/stɹˈætədʒi/,chiến lược,We need a new business strategy.,FALSE,839,60.55,113
deep,712,A2,adj,/dˈip/,sâu,The lake is very deep.,FALSE,840,60.54,113
clean,713,A2,adj,/klˈin/,sạch sẽ,Keep your room clean.,FALSE,842,60.54,113
tend,714,A2,v,/tˈɛnd/,có xu hướng,Prices tend to rise in summer.,FALSE,843,60.54,113
advance,715,A2,v,/ədvˈæns/,tiến lên; tiến bộ,The army advanced slowly.,FALSE,844,60.54,113
fill,716,A2,v,/fˈɪl/,làm đầy; điền,Fill the glass with water.,FALSE,845,60.53,113
star,717,A2,n,/stˈɑɹ/,ngôi sao,The stars are bright tonight.,TRUE,846,60.52,113
network,718,A2,n,/nˈɛtwˌɝk/,mạng lưới,The phone network is down.,FALSE,847,60.5,112
generally,719,A2,adv,/dʒˈɛnɚəli/,"nói chung, thường thì","Generally, I get up early.",FALSE,848,60.5,112
operation,720,A2,n,/ˌɑpɚˈeɪʃən/,cuộc phẫu thuật; hoạt động,The operation was a success.,FALSE,849,60.49,112
match,721,A2,n,/mˈætʃ/,trận đấu; que diêm,We watched the football match.,FALSE,850,60.47,111
avoid,722,A2,v,/əvˈɔɪd/,tránh,Try to avoid mistakes.,FALSE,851,60.47,111
seat,723,A2,n,/sˈit/,"chỗ ngồi, ghế",Please take your seat.,TRUE,852,60.45,111
throw,724,A2,v,/θɹˈoʊ/,"ném, quăng",Don't throw stones.,FALSE,853,60.45,111
task,725,A2,n,/tˈæsk/,"nhiệm vụ, công việc",This is a difficult task.,FALSE,854,60.44,111
normal,726,A2,adj,/nˈɔɹməl/,bình thường,His temperature is normal.,FALSE,855,60.43,110
goal,727,A2,n,/ɡˈoʊl/,mục tiêu; bàn thắng,My goal is to learn English well.,FALSE,856,60.42,110
associate,728,A2,v,/əsˈoʊsiət/,"liên kết, kết hợp",I associate summer with the beach.,FALSE,857,60.42,110
blue,729,A2,adj,/blˈu/,màu xanh dương,The sky is clear and blue.,FALSE,858,60.41,110
positive,730,A2,adj,/pˈɑzətɪv/,tích cực; dương,Stay positive during hard times.,FALSE,859,60.4,110
option,731,A2,n,/ˈɑpʃən/,sự lựa chọn,You have three options.,FALSE,860,60.4,110
box,732,A2,n,/bˈɑks/,cái hộp,Put the toys in the box.,TRUE,861,60.39,109
huge,733,A2,adj,/hjˈudʒ/,"khổng lồ, to lớn",They live in a huge house.,FALSE,862,60.39,109
message,734,A2,n,/mˈɛsədʒ/,tin nhắn; thông điệp,I sent you a message.,FALSE,863,60.39,109
instance,735,A2,n,/ˈɪnstəns/,"trường hợp, ví dụ","For instance, take this word.",FALSE,864,60.38,109
style,736,A2,n,/stˈaɪl/,phong cách; kiểu,I like her style of writing.,FALSE,865,60.38,109
refer,737,A2,v,/ɹəfˈɝ/,nhắc đến; tham khảo,Refer to page ten for details.,FALSE,866,60.37,109
cold,738,A2,adj,/kˈoʊld/,lạnh,It is very cold today.,FALSE,867,60.36,109
push,739,A2,v,/pˈʊʃ/,đẩy,Push the door gently.,FALSE,868,60.36,109
quarter,740,A2,n,/kwˈɔɹtɚ/,một phần tư; quý,A quarter of the pizza is left.,FALSE,869,60.36,109
assume,741,A2,v,/əsˈum/,"cho rằng, giả định",I assume you have finished.,FALSE,870,60.34,108
baby,742,A2,n,/bˈeɪbi/,em bé,The baby is sleeping.,TRUE,871,60.33,108
successful,743,A2,adj,/səksˈɛsfəl/,thành công,She is a successful writer.,FALSE,872,60.32,108
sing,744,A2,v,/sˈɪŋ/,hát,She sings beautifully.,FALSE,873,60.32,108
doubt,745,A2,n,/dˈaʊt/,sự nghi ngờ,I have no doubt about it.,FALSE,874,60.32,108
competition,746,A2,n,/kˌɑmpətˈɪʃən/,cuộc thi; sự cạnh tranh,He won the singing competition.,FALSE,875,60.32,108
theory,747,A2,n,/θˈɪɹi/,lý thuyết,This is only a theory.,FALSE,876,60.31,108
propose,748,A2,v,/pɹəpˈoʊz/,đề xuất; cầu hôn,They proposed a new plan.,FALSE,877,60.31,107
reference,749,A2,n,/ɹˈɛfɚəns/,tài liệu tham khảo; sự tham chiếu,Please add a reference.,FALSE,878,60.3,107
argument,750,A2,n,/ˈɑɹɡjəmənt/,cuộc tranh cãi; lập luận,They had a big argument.,FALSE,879,60.3,107
adult,751,A2,n,/ədˈʌlt/,người lớn,This film is for adults only.,FALSE,880,60.3,107
fly,752,A2,v,/flˈaɪ/,bay,Birds fly south in winter.,FALSE,881,60.3,107
document,753,A2,n,/dˈɑkjəmɛnt/,"tài liệu, văn bản",Please sign this document.,TRUE,882,60.29,107
pattern,754,A2,n,/pˈætɚn/,khuôn mẫu; hoa văn,I like the pattern on this shirt.,FALSE,883,60.29,107
application,755,A2,n,/ˌæpləkˈeɪʃən/,đơn xin; ứng dụng,I sent my job application.,FALSE,884,60.28,107
hot,756,A2,adj,/hˈɑt/,nóng,The soup is too hot.,FALSE,885,60.28,107
obviously,757,A2,adv,/ˈɑbviəsli/,"rõ ràng, hiển nhiên",She is obviously very tired.,FALSE,886,60.28,107
unclear,758,A2,adj,/ənklˈɪɹ/,không rõ ràng,The instructions are unclear.,FALSE,887,60.27,106
bill,759,A2,n,/bˈɪl/,hóa đơn; tờ tiền,"Can I have the bill, please?",TRUE,888,60.27,106
search,760,A2,v,/sˈɝtʃ/,tìm kiếm,I searched everywhere for my keys.,FALSE,889,60.26,106
separate,761,A2,adj,/sˈɛpɚˌeɪt/,"riêng biệt, tách rời",They sleep in separate rooms.,FALSE,890,60.26,106
central,762,A2,adj,/sˈɛntɹəl/,trung tâm; chính yếu,The hotel has a central location.,FALSE,891,60.26,106
career,763,A2,n,/kɚˈɪɹ/,sự nghiệp,She has a successful career.,FALSE,892,60.25,106
speech,764,A2,n,/spˈitʃ/,bài phát biểu; lời nói,He gave a short speech.,FALSE,894,60.24,106
dog,765,A2,n,/dˈɔɡ/,con chó,The dog is barking loudly.,TRUE,895,60.24,106
officer,766,A2,n,/ˈɔfəsɚ/,viên chức; sĩ quan,A police officer helped us.,FALSE,896,60.24,106
oil,767,A2,n,/ˈɔɪl/,dầu,Add some oil to the pan.,TRUE,898,60.22,105
dress,768,A2,n,/dɹˈɛs/,"váy, đầm",She bought a red dress.,TRUE,899,60.21,105
profit,769,A2,n,/pɹˈɑfət/,lợi nhuận,The company made a big profit.,FALSE,900,60.21,105
guess,770,A2,v,/ɡˈɛs/,đoán,Can you guess my age?,FALSE,901,60.2,105
fun,771,A2,n,/fˈʌn/,niềm vui,We had a lot of fun.,FALSE,902,60.2,105
protect,772,A2,v,/pɹətˈɛkt/,bảo vệ,Protect your skin from the sun.,FALSE,903,60.2,105
resource,773,A2,n,/ɹˈisɔɹs/,tài nguyên; nguồn lực,Water is a valuable resource.,FALSE,904,60.19,105
science,774,A2,n,/sˈaɪəns/,khoa học,I enjoy studying science.,FALSE,905,60.19,104
disease,775,A2,n,/dɪzˈiz/,"bệnh, bệnh tật",This disease is very rare.,FALSE,906,60.19,104
balance,776,A2,n,/bˈæləns/,sự cân bằng; số dư,Try to keep a good balance.,FALSE,907,60.18,104
damage,777,A2,n,/dˈæmədʒ/,"sự hư hại, thiệt hại",The storm caused great damage.,FALSE,908,60.18,104
basis,778,A2,n,/bˈeɪsəs/,"cơ sở, nền tảng",We meet on a weekly basis.,FALSE,909,60.18,104
author,779,A2,n,/ˈɔθɚ/,tác giả,She is a famous author.,FALSE,910,60.17,104
basic,780,A2,adj,/bˈeɪsɪk/,cơ bản,These are basic rules.,FALSE,911,60.17,104
encourage,781,A2,v,/ɛnkˈɝɪdʒ/,"khuyến khích, động viên",My teacher encourages me.,FALSE,912,60.16,104
hair,782,A2,n,/hˈɛɹ/,tóc; lông,She has long black hair.,TRUE,913,60.15,104
male,783,A2,adj,/mˈeɪl/,giống đực; nam,A male lion has a mane.,FALSE,914,60.15,103
operate,784,A2,v,/ˈɑpɚˌeɪt/,vận hành; phẫu thuật,Do you know how to operate this?,FALSE,915,60.14,103
reflect,785,A2,v,/ɹɪflˈɛkt/,phản chiếu; phản ánh,The lake reflects the sky.,FALSE,916,60.14,103
exercise,786,A2,n,/ˈɛksɚsˌaɪz/,bài tập; sự tập luyện,Do this exercise at home.,FALSE,917,60.13,103
useful,787,A2,adj,/jˈusfəl/,"hữu ích, có ích",This tool is very useful.,FALSE,918,60.12,103
restaurant,788,A2,n,/ɹˈɛstɚˌɑnt/,nhà hàng,We ate at a nice restaurant.,TRUE,919,60.12,103
income,789,A2,n,/ˈɪnkˌʌm/,thu nhập,Her income is quite high.,FALSE,920,60.12,103
property,790,A2,n,/pɹˈɑpɚti/,tài sản; bất động sản,He owns a lot of property.,FALSE,921,60.12,103
previous,791,A2,adj,/pɹˈiviəs/,"trước đó, trước đây",See my previous message.,FALSE,922,60.12,103
dark,792,A2,adj,/dˈɑɹk/,tối; sẫm màu,The room is too dark.,FALSE,923,60.11,103
imagine,793,A2,v,/ˌɪmˈædʒən/,tưởng tượng,Imagine you are on a beach.,FALSE,924,60.11,102
okay,794,A2,adj,/ˌoʊkˈeɪ/,"ổn, được",Are you okay?,FALSE,925,60.1,102
earn,795,A2,v,/ˈɝn/,kiếm (tiền); giành được,She earns a good salary.,FALSE,926,60.09,102
daughter,796,A2,n,/dˈɔtɚ/,con gái,Their daughter is very smart.,FALSE,927,60.09,102
post,797,A2,n,/pˈoʊst/,bài đăng; bưu điện; cột,I read your post online.,FALSE,928,60.08,102
newspaper,798,A2,n,/nˈuzpˌeɪpɚ/,tờ báo,He reads the newspaper daily.,TRUE,929,60.07,102
define,799,A2,v,/dɪfˈaɪn/,định nghĩa; xác định,Can you define this word?,FALSE,930,60.06,101
conclusion,800,A2,n,/kənklˈuʒən/,kết luận,What is your conclusion?,FALSE,931,60.05,101
clock,801,A2,n,/klˈɑk/,đồng hồ (treo/để bàn),The clock on the wall is slow.,TRUE,932,60.05,101
weekend,802,A2,n,/wˈikˌɛnd/,cuối tuần,I relax on the weekend.,FALSE,934,60.04,101
perform,803,A2,v,/pɚfˈɔɹm/,biểu diễn; thực hiện,The band performed on stage.,FALSE,935,60.04,101
professional,804,A2,adj,/pɹəfˈɛʃənəl/,chuyên nghiệp,She is a professional dancer.,FALSE,936,60.04,101
debate,805,A2,n,/dəbˈeɪt/,cuộc tranh luận,They had a lively debate.,FALSE,938,60.03,101
memory,806,A2,n,/mˈɛmɚi/,trí nhớ; kỷ niệm,She has a very good memory.,FALSE,939,60.03,101
green,807,A2,adj,/ɡɹˈin/,màu xanh lá,The grass is green.,FALSE,940,60.03,101
song,808,A2,n,/sˈɔŋ/,bài hát,This is my favorite song.,FALSE,941,60.02,101
object,809,A2,n,/ˈɑbdʒɛkt/,"vật, đồ vật",What is this small object?,TRUE,942,60,100
maintain,810,A2,v,/meɪntˈeɪn/,duy trì; bảo trì,It is hard to maintain good habits.,FALSE,943,60,100
credit,811,A2,n,/kɹˈɛdət/,tín dụng; sự ghi công,I paid by credit card.,FALSE,944,59.99,100
ring,812,A2,n,/ɹˈɪŋ/,chiếc nhẫn; tiếng chuông,She wears a gold ring.,TRUE,945,59.99,100
discover,813,A2,v,/dɪskˈʌvɚ/,"khám phá, phát hiện",Scientists discovered a new planet.,FALSE,946,59.97,99
dead,814,A2,adj,/dˈɛd/,đã chết,The plant is dead.,FALSE,947,59.96,99
afternoon,815,A2,n,/ˌæftɚnˈun/,buổi chiều,I have a meeting this afternoon.,FALSE,948,59.96,99
prefer,816,A2,v,/pɹəfˈɝ/,thích hơn,I prefer tea to coffee.,FALSE,949,59.96,99
extend,817,A2,v,/ɪkstˈɛnd/,kéo dài; mở rộng,They extended the deadline.,FALSE,950,59.95,99
possibility,818,A2,n,/pˌɑsəbˈɪlətˌi/,khả năng,There is a possibility of rain.,FALSE,951,59.95,99
direction,819,A2,n,/dɚˈɛkʃən/,phương hướng; chỉ dẫn,Which direction is the station?,FALSE,952,59.94,99
facility,820,A2,n,/fəsˈɪlɪti/,"cơ sở, tiện nghi",The gym has modern facilities.,FALSE,953,59.94,99
variety,821,A2,n,/vɚˈaɪəti/,sự đa dạng; loại,The shop offers a variety of goods.,FALSE,954,59.92,98
daily,822,A2,adj,/dˈeɪli/,hằng ngày,This is my daily routine.,FALSE,955,59.91,98
clothes,823,A2,n,/klˈoʊðz/,quần áo,Put on warm clothes.,TRUE,956,59.91,98
screen,824,A2,n,/skɹˈin/,màn hình,The screen is too bright.,TRUE,957,59.9,98
track,825,A2,n,/tɹˈæk/,đường ray; đường chạy,The train left the track.,TRUE,958,59.89,98
dance,826,A2,v,/dˈæns/,"nhảy, khiêu vũ",They danced all night.,FALSE,959,59.89,97
completely,827,A2,adv,/kəmplˈitli/,hoàn toàn,I completely agree with you.,FALSE,960,59.89,97
female,828,A2,adj,/fˈimˌeɪl/,giống cái; nữ,A female bird built the nest.,FALSE,961,59.88,97
responsibility,829,A2,n,/ɹispˌɑnsəbˈɪləti/,trách nhiệm,It is your responsibility.,FALSE,962,59.88,97
original,830,A2,adj,/ɚˈɪdʒənəl/,nguyên bản; độc đáo,This is the original painting.,FALSE,963,59.84,96
sister,831,A2,n,/sˈɪstɚ/,"chị, em gái",My sister is a nurse.,FALSE,964,59.84,96
rock,832,A2,n,/ɹˈɑk/,"đá, tảng đá",The children climbed the rock.,TRUE,965,59.84,96
dream,833,A2,n,/dɹˈim/,giấc mơ; ước mơ,I had a strange dream.,FALSE,966,59.84,96
university,834,A2,n,/jˌunəvˈɝsəti/,trường đại học,She studies at a good university.,TRUE,968,59.82,96
easily,835,A2,adv,/ˈizəli/,dễ dàng,He passed the test easily.,FALSE,969,59.81,96
agency,836,A2,n,/ˈeɪdʒənsi/,cơ quan; đại lý,She works for a travel agency.,FALSE,970,59.81,96
dollar,837,A2,n,/dˈɑlɚ/,đô la,It costs ten dollars.,FALSE,971,59.8,96
garden,838,A2,n,/ɡˈɑɹdən/,khu vườn,We grow flowers in the garden.,TRUE,972,59.79,95
fix,839,A2,v,/fˈɪks/,sửa chữa; cố định,Can you fix my bike?,FALSE,973,59.79,95
ahead,840,A2,adv,/əhˈɛd/,phía trước; trước,Go straight ahead.,FALSE,974,59.78,95
cross,841,A2,v,/kɹˈɔs/,băng qua; đi ngang,Look both ways before you cross.,FALSE,975,59.78,95
yeah,842,A2,adv,/jˈæ/,"ừ, vâng (thân mật)","Yeah, that sounds good.",FALSE,976,59.77,95
candidate,843,A2,n,/kˈændədeɪt/,ứng cử viên,She is a strong candidate.,FALSE,977,59.74,94
weight,844,A2,n,/wˈeɪt/,"trọng lượng, cân nặng",What is your weight?,FALSE,978,59.74,94
legal,845,A2,adj,/lˈiɡəl/,hợp pháp; thuộc pháp lý,Is this legal here?,FALSE,979,59.72,94
proposal,846,A2,n,/pɹəpˈoʊzəl/,đề xuất; lời cầu hôn,They accepted our proposal.,FALSE,980,59.71,94
version,847,A2,n,/vˈɝʒən/,phiên bản,This is the new version.,FALSE,981,59.71,94
conversation,848,A2,n,/kˌɑnvɚsˈeɪʃən/,cuộc trò chuyện,We had a long conversation.,FALSE,982,59.71,93
pound,849,A2,n,/pˈaʊnd/,pao (tiền/cân),It costs five pounds.,FALSE,984,59.69,93
magazine,850,A2,n,/mˈæɡəzˌin/,tạp chí,She reads a fashion magazine.,TRUE,985,59.69,93
shape,851,A2,n,/ʃˈeɪp/,hình dạng,The box has a square shape.,FALSE,986,59.69,93
sea,852,A2,n,/sˈi/,biển,We swam in the sea.,TRUE,987,59.68,93
immediately,853,A2,adv,/ˌɪmˈidˌiətli/,ngay lập tức,Call me immediately.,FALSE,988,59.67,93
welcome,854,A2,v,/wˈɛlkəm/,chào đón,They welcomed us warmly.,FALSE,989,59.67,93
smile,855,A2,v,/smˈaɪl/,mỉm cười,She smiled at the baby.,FALSE,990,59.67,93
communication,856,A2,n,/kəmjˌunəkˈeɪʃən/,sự giao tiếp,Good communication is important.,FALSE,991,59.67,93
agent,857,A2,n,/ˈeɪdʒənt/,đại lý; nhân viên,He is a travel agent.,FALSE,992,59.65,92
traditional,858,A2,adj,/tɹədˈɪʃənəl/,truyền thống,They wore traditional clothes.,FALSE,993,59.65,92
replace,859,A2,v,/ɹˌiplˈeɪs/,thay thế,Replace the old batteries.,FALSE,994,59.64,92
judge,860,A2,n,/dʒˈʌdʒ/,quan tòa; giám khảo,The judge made a decision.,FALSE,995,59.64,92
suddenly,861,A2,adv,/sˈʌdənli/,"đột nhiên, bất ngờ","Suddenly, the lights went out.",FALSE,997,59.63,92
generation,862,A2,n,/dʒˌɛnɚˈeɪʃən/,thế hệ,This is the younger generation.,FALSE,998,59.63,92
estimate,863,A2,v,/ˈɛstəmət/,ước tính,They estimated the cost.,FALSE,999,59.63,92
favorite,864,A2,adj,/fˈeɪvɚɪt/,ưa thích nhất,Blue is my favorite color.,FALSE,1000,59.62,92
difficulty,865,A2,n,/dˈɪfəkəlti/,khó khăn,She had difficulty breathing.,FALSE,1001,59.62,92
purchase,866,A2,v,/pˈɝtʃəs/,mua,He purchased a new car.,FALSE,1002,59.61,91
shoot,867,A2,v,/ʃˈut/,bắn; quay phim,Don't shoot the bird.,FALSE,1003,59.6,91
announce,868,A2,v,/ənˈaʊns/,"thông báo, công bố",They announced the results.,FALSE,1004,59.6,91
independent,869,A2,adj,/ˌɪndɪpˈɛndənt/,độc lập,She is very independent.,FALSE,1006,59.59,91
recommend,870,A2,v,/ɹˌɛkəmˈɛnd/,"giới thiệu, khuyên dùng",I recommend this restaurant.,FALSE,1007,59.58,91
survey,871,A2,n,/sɚvˈeɪ/,cuộc khảo sát,We did a customer survey.,FALSE,1008,59.58,91
majority,872,A2,n,/mədʒˈɔɹəti/,đa số,The majority voted yes.,FALSE,1009,59.58,91
stick,873,A2,n,/stˈɪk/,"que, gậy",The dog fetched the stick.,TRUE,1010,59.57,91
request,874,A2,n,/ɹɪkwˈɛst/,lời yêu cầu,I have a small request.,FALSE,1011,59.56,90
rich,875,A2,adj,/ɹˈɪtʃ/,giàu có; phong phú,He is a very rich man.,FALSE,1012,59.54,90
wind,876,A2,n,/wˈaɪnd/,gió,A cold wind is blowing.,FALSE,1013,59.54,90
exchange,877,A2,n,/ɪkstʃˈeɪndʒ/,sự trao đổi,We had a quick exchange of ideas.,FALSE,1015,59.52,90
budget,878,A2,n,/bˈʌdʒɪt/,ngân sách,We have a small budget.,FALSE,1016,59.51,89
famous,879,A2,adj,/fˈeɪməs/,nổi tiếng,This is a famous painting.,FALSE,1017,59.51,89
blood,880,A2,n,/blˈʌd/,máu,He lost a lot of blood.,FALSE,1018,59.51,89
appropriate,881,A2,adj,/əpɹˈoʊpɹiət/,"thích hợp, phù hợp",Wear appropriate clothes.,FALSE,1019,59.51,89
block,882,A2,n,/blˈɑk/,khối; dãy nhà,The office is one block away.,TRUE,1020,59.51,89
warm,883,A2,adj,/wˈɔɹm/,ấm áp,It is a warm sunny day.,FALSE,1021,59.5,89
count,884,A2,v,/kˈaʊnt/,đếm,Count from one to ten.,FALSE,1022,59.5,89
scene,885,A2,n,/sˈin/,cảnh; hiện trường,The final scene was sad.,FALSE,1023,59.5,89
writer,886,A2,n,/ɹˈaɪtɚ/,nhà văn,She is a famous writer.,FALSE,1024,59.49,89
content,887,A2,n,/kˈɑntɛnt/,nội dung,The content of the book is useful.,FALSE,1025,59.49,89
prevent,888,A2,v,/pɹɪvˈɛnt/,"ngăn chặn, phòng ngừa",Wash hands to prevent illness.,FALSE,1026,59.48,89
safe,889,A2,adj,/sˈeɪf/,an toàn,Is it safe to swim here?,FALSE,1027,59.47,89
invite,890,A2,v,/ˌɪnvˈaɪt/,mời,They invited us to dinner.,FALSE,1028,59.47,88
mix,891,A2,v,/mˈɪks/,"trộn, pha",Mix the flour and sugar.,FALSE,1029,59.46,88
element,892,A2,n,/ˈɛləmənt/,yếu tố; nguyên tố,Water is a key element of life.,FALSE,1030,59.45,88
effective,893,A2,adj,/ɪfˈɛktɪv/,hiệu quả,This medicine is very effective.,FALSE,1031,59.45,88
correct,894,A2,adj,/kɚˈɛkt/,"đúng, chính xác",Your answer is correct.,FALSE,1032,59.45,88
medical,895,A2,adj,/mˈɛdəkəl/,thuộc y tế,She needs medical help.,FALSE,1033,59.43,88
admit,896,A2,v,/ədmˈɪt/,thừa nhận; cho vào,He admitted his mistake.,FALSE,1034,59.42,88
beat,897,A2,v,/bˈit/,đánh; đánh bại,Our team beat theirs.,FALSE,1035,59.42,87
telephone,898,A2,n,/tˈɛləfˌoʊn/,điện thoại,The telephone is ringing.,TRUE,1036,59.42,87
copy,899,A2,n,/kˈɑpi/,bản sao; bản in,Please make a copy of this.,FALSE,1037,59.41,87
committee,900,A2,n,/kəmˈɪti/,ủy ban,The committee will decide soon.,FALSE,1038,59.4,87
aware,901,A2,adj,/əwˈɛɹ/,"nhận thức, biết",I am aware of the risks.,FALSE,1039,59.4,87
advice,902,A2,n,/ædvˈaɪs/,lời khuyên,Let me give you some advice.,FALSE,1040,59.4,87
handle,903,A2,v,/hˈændəl/,xử lý; cầm nắm,She handles problems calmly.,FALSE,1041,59.39,87
glass,904,A2,n,/ɡlˈæs/,thủy tinh; cốc,Be careful with the glass.,TRUE,1042,59.39,87
trial,905,A2,n,/tɹˈaɪəl/,phiên tòa; sự thử nghiệm,The trial lasted two weeks.,FALSE,1043,59.38,87
stress,906,A2,n,/stɹˈɛs/,sự căng thẳng; sự nhấn mạnh,Too much stress is harmful.,FALSE,1044,59.38,87
radio,907,A2,n,/ɹˈeɪdiˌoʊ/,"đài, radio",I listen to the radio in the car.,TRUE,1045,59.37,86
administration,908,A2,n,/ædmˌɪnɪstɹˈeɪʃən/,sự quản lý; ban quản trị,She works in administration.,FALSE,1046,59.36,86
complex,909,A2,adj,/kˈɑmplɛks/,phức tạp,This is a complex problem.,FALSE,1047,59.36,86
text,910,A2,n,/tˈɛkst/,văn bản; tin nhắn,Read the text carefully.,FALSE,1048,59.35,86
context,911,A2,n,/kˈɑntɛkst/,"ngữ cảnh, bối cảnh",Learn words in context.,FALSE,1049,59.35,86
ride,912,A2,v,/ɹˈaɪd/,cưỡi; đi (xe),I ride my bike to school.,FALSE,1050,59.34,86
directly,913,A2,adv,/dɚˈɛktli/,trực tiếp,Speak to me directly.,FALSE,1051,59.34,86
heavy,914,A2,adj,/hˈɛvi/,nặng,This bag is very heavy.,FALSE,1052,59.34,86
remove,915,A2,v,/ɹimˈuv/,loại bỏ; dời đi,Please remove your shoes.,FALSE,1053,59.33,86
conduct,916,A2,v,/kˈɑndəkt/,tiến hành; chỉ huy,They conducted an experiment.,FALSE,1054,59.33,86
equipment,917,A2,n,/ɪkwˈɪpmənt/,"thiết bị, dụng cụ",The gym has new equipment.,TRUE,1055,59.33,86
title,918,A2,n,/tˈaɪtəl/,tiêu đề; chức danh,What is the title of the book?,FALSE,1057,59.32,86
extra,919,A2,adj,/ˈɛkstɹə/,"thêm, phụ",I need extra time.,FALSE,1058,59.31,85
executive,920,A2,n,/ɪɡzˈɛkjətɪv/,giám đốc điều hành,She is a company executive.,FALSE,1059,59.31,85
chair,921,A2,n,/tʃˈɛɹ/,cái ghế,Please pull up a chair.,TRUE,1060,59.31,85
expensive,922,A2,adj,/ɪkspˈɛnsɪv/,"đắt, đắt tiền",This watch is very expensive.,FALSE,1061,59.31,85
sample,923,A2,n,/sˈæmpəl/,"mẫu, hàng mẫu",They gave me a free sample.,TRUE,1062,59.3,85
sex,924,A2,n,/sˈɛks/,giới tính,Please state your sex on the form.,FALSE,1063,59.3,85
deliver,925,A2,v,/dɪlˈɪvɚ/,giao (hàng); phát biểu,They deliver food to your home.,FALSE,1064,59.29,85
video,926,A2,n,/vˈɪdioʊ/,"video, đoạn phim",I watched a funny video.,FALSE,1065,59.29,85
connection,927,A2,n,/kənˈɛkʃən/,sự kết nối; mối liên hệ,The internet connection is slow.,FALSE,1066,59.29,85
primary,928,A2,adj,/pɹˈaɪmˌɛɹi/,chính; sơ cấp,This is our primary goal.,FALSE,1067,59.28,85
weather,929,A2,n,/wˈɛðɚ/,thời tiết,The weather is nice today.,FALSE,1068,59.27,85
collect,930,A2,v,/kəlˈɛkt/,thu thập; sưu tầm,He collects old coins.,FALSE,1069,59.27,84
inform,931,A2,v,/ˌɪnfˈɔɹm/,"thông báo, báo cho",Please inform me of any changes.,FALSE,1070,59.25,84
principle,932,A2,n,/pɹˈɪnsəpəl/,nguyên tắc,She has strong principles.,FALSE,1071,59.25,84
straight,933,A2,adj,/stɹˈeɪt/,thẳng,Draw a straight line.,FALSE,1072,59.24,84
appeal,934,A2,n,/əpˈil/,sự hấp dẫn; lời kêu gọi,The plan has wide appeal.,FALSE,1073,59.24,84
highly,935,A2,adv,/hˈaɪli/,"rất, cao độ",She is highly skilled.,FALSE,1074,59.24,84
trust,936,A2,v,/tɹˈʌst/,tin tưởng,I trust my best friend.,FALSE,1075,59.24,84
wonderful,937,A2,adj,/wˈʌndɚfəl/,tuyệt vời,We had a wonderful time.,FALSE,1076,59.23,84
flat,938,A2,adj,/flˈæt/,"phẳng, bằng",The land here is flat.,FALSE,1077,59.23,84
absolutely,939,A2,adv,/ˌæbsəlˈutli/,"hoàn toàn, tuyệt đối",You are absolutely right.,FALSE,1078,59.22,84
flow,940,A2,v,/flˈoʊ/,chảy,The river flows to the sea.,FALSE,1079,59.22,84
fair,941,A2,adj,/fˈɛɹ/,công bằng; khá,That is not fair.,FALSE,1080,59.22,84
additional,942,A2,adj,/ədˈɪʃənəl/,"thêm, bổ sung",We need additional information.,FALSE,1081,59.21,83
responsible,943,A2,adj,/ɹispˈɑnsəbəl/,có trách nhiệm,He is responsible for the team.,FALSE,1082,59.21,83
farm,944,A2,n,/fˈɑɹm/,"nông trại, trang trại",They live on a farm.,TRUE,1083,59.2,83
collection,945,A2,n,/kəlˈɛkʃən/,bộ sưu tập,She has a stamp collection.,FALSE,1084,59.2,83
hang,946,A2,v,/hˈæŋ/,"treo, móc",Hang your coat on the hook.,FALSE,1085,59.19,83
negative,947,A2,adj,/nˈɛɡətɪv/,tiêu cực; âm,He has a negative attitude.,FALSE,1086,59.18,83
band,948,A2,n,/bˈænd/,"ban nhạc; dải, băng",The band played all night.,FALSE,1087,59.18,83
relative,949,A2,n,/ɹˈɛlətɪv/,"người thân, họ hàng",My relatives live nearby.,FALSE,1088,59.17,83
tour,950,A2,n,/tˈʊɹ/,chuyến tham quan,We took a city tour.,FALSE,1089,59.17,83
alternative,951,A2,n,/ɔltˈɝnətɪv/,sự lựa chọn khác,Is there an alternative?,FALSE,1090,59.17,83
software,952,A2,n,/sˈɔftwˌɛɹ/,phần mềm,This software is easy to use.,FALSE,1091,59.17,83
pair,953,A2,n,/pˈɛɹ/,"cặp, đôi",I bought a pair of shoes.,FALSE,1092,59.16,82
ship,954,A2,n,/ʃˈɪp/,con tàu (biển),The ship sailed at dawn.,TRUE,1093,59.16,82
attitude,955,A2,n,/ˈætətˌud/,thái độ,Keep a positive attitude.,FALSE,1094,59.14,82
cheap,956,A2,adj,/tʃˈip/,rẻ,This shirt was very cheap.,FALSE,1095,59.14,82
double,957,A2,adj,/dˈʌbəl/,gấp đôi; đôi,I would like a double room.,FALSE,1096,59.14,82
leg,958,A2,n,/lˈɛɡ/,"chân, cẳng chân",The table has four legs.,TRUE,1097,59.13,82
observe,959,A2,v,/əbzˈɝv/,quan sát; tuân theo,We observed the birds quietly.,FALSE,1098,59.13,82
sentence,960,A2,n,/sˈɛntəns/,câu (văn); bản án,Write a full sentence.,FALSE,1099,59.13,82
print,961,A2,v,/pɹˈɪnt/,in,Please print this document.,FALSE,1100,59.12,82
progress,962,A2,n,/pɹˈɑɡɹˌɛs/,sự tiến bộ,She is making good progress.,FALSE,1101,59.12,82
truth,963,A2,n,/tɹˈuθ/,sự thật,Tell me the truth.,FALSE,1102,59.11,82
examine,964,A2,v,/ɪɡzˈæmɪn/,kiểm tra; khám,The doctor examined me.,FALSE,1104,59.1,81
lay,965,A2,v,/lˈeɪ/,"đặt, để; đẻ (trứng)",Lay the book on the desk.,FALSE,1105,59.1,81
speed,966,A2,n,/spˈid/,tốc độ,The car moved at high speed.,FALSE,1106,59.09,81
politics,967,A2,n,/pˈɑlətˌɪks/,chính trị,He is interested in politics.,FALSE,1107,59.09,81
reply,968,A2,v,/ɹɪplˈaɪ/,"trả lời, đáp lại",Please reply to my email.,FALSE,1108,59.08,81
display,969,A2,v,/dɪsplˈeɪ/,trưng bày; hiển thị,They display art in the hall.,FALSE,1109,59.08,81
transfer,970,A2,v,/tɹænsfˈɝ/,chuyển; điều chuyển,I transferred money to her.,FALSE,1110,59.08,81
perfect,971,A2,adj,/pɚfˈɛkt/,hoàn hảo,The weather is perfect today.,FALSE,1111,59.07,81
slightly,972,A2,adv,/slˈaɪtli/,"hơi, một chút",The room is slightly cold.,FALSE,1112,59.07,81
overall,973,A2,adj,/ˈoʊvɚˌɔl/,"tổng thể, toàn bộ",The overall result is good.,FALSE,1113,59.07,81
intend,974,A2,v,/ˌɪntˈɛnd/,"dự định, có ý định",I intend to study abroad.,FALSE,1114,59.06,80
user,975,A2,n,/jˈuzɚ/,người dùng,The app has many users.,FALSE,1115,59.05,80
respond,976,A2,v,/ɹɪspˈɑnd/,"phản hồi, đáp lại",She responded quickly.,FALSE,1116,59.05,80
dinner,977,A2,n,/dˈɪnɚ/,bữa tối,We had dinner at home.,FALSE,1117,59.04,80
slow,978,A2,adj,/slˈoʊ/,chậm,The internet is very slow.,FALSE,1118,59.04,80
regular,979,A2,adj,/ɹˈɛɡjəlɚ/,đều đặn; thông thường,He is a regular customer.,FALSE,1119,59.04,80
physical,980,A2,adj,/fˈɪzɪkəl/,thuộc thể chất; vật lý,Physical exercise is healthy.,FALSE,1120,59.04,80
apart,981,A2,adv,/əpˈɑɹt/,"tách rời, riêng ra",They live far apart.,FALSE,1121,59.02,80
suit,982,A2,n,/sˈut/,bộ com lê,He wore a dark suit.,TRUE,1122,59.01,80
federal,983,A2,adj,/fˈɛdɚəl/,thuộc liên bang,This is a federal law.,FALSE,1123,59.01,80
reveal,984,A2,v,/ɹɪvˈil/,"tiết lộ, để lộ",She revealed her secret.,FALSE,1124,59.01,80
percentage,985,A2,n,/pɚsˈɛntədʒ/,tỷ lệ phần trăm,What percentage passed?,FALSE,1125,59,79
peace,986,A2,n,/pˈis/,hòa bình; sự yên bình,Everyone hopes for peace.,FALSE,1126,58.99,79
status,987,A2,n,/stˈætəs/,địa vị; tình trạng,Check the status of your order.,FALSE,1127,58.99,79
crime,988,A2,n,/kɹˈaɪm/,"tội phạm, tội ác",Crime is falling in the city.,FALSE,1128,58.98,79
decline,989,A2,v,/dɪklˈaɪn/,giảm sút; từ chối,Sales declined last year.,FALSE,1129,58.97,79
decade,990,A2,n,/dɛkˈeɪd/,thập kỷ,She lived here for a decade.,FALSE,1130,58.97,79
launch,991,A2,v,/lˈɔntʃ/,ra mắt; phóng,They launched a new product.,FALSE,1131,58.97,79
warn,992,A2,v,/wˈɔɹn/,cảnh báo,I warned him about the danger.,FALSE,1132,58.96,79
consumer,993,A2,n,/kənsˈumɚ/,người tiêu dùng,Consumers want lower prices.,FALSE,1133,58.96,79
favor,994,A2,n,/fˈeɪvɚ/,sự giúp đỡ; sự ưu ái,Can you do me a favor?,FALSE,1134,58.96,79
dry,995,A2,adj,/dɹˈaɪ/,khô,The towel is dry now.,FALSE,1135,58.95,78
partner,996,A2,n,/pˈɑɹtnɚ/,đối tác; bạn đời,She is my business partner.,FALSE,1136,58.95,78
institution,997,A2,n,/ˌɪnstɪtˈuʃən/,"tổ chức, cơ quan",A bank is a financial institution.,FALSE,1137,58.95,78
spot,998,A2,n,/spˈɑt/,"điểm, chỗ; vết",This is a nice spot for a picnic.,FALSE,1138,58.94,78
horse,999,A2,n,/hˈɔɹs/,con ngựa,The horse runs very fast.,TRUE,1139,58.94,78
eventually,1000,A2,adv,/ɪvˈɛntʃəwəli/,"cuối cùng, rốt cuộc","Eventually, she agreed.",FALSE,1140,58.93,78
heat,1001,B1,n,/hˈit/,"sức nóng, nhiệt",The heat in summer is strong.,FALSE,1141,58.93,78
excite,1002,B1,v,/ɪksˈaɪt/,làm phấn khích,The news excited the children.,FALSE,1142,58.92,78
reader,1003,B1,n,/ɹˈidɚ/,"người đọc, độc giả",This book has many readers.,FALSE,1143,58.92,78
importance,1004,B1,n,/ˌɪmpˈɔɹtəns/,tầm quan trọng,Don't forget the importance of sleep.,FALSE,1144,58.91,78
distance,1005,B1,n,/dˈɪstəns/,khoảng cách,What is the distance to the city?,FALSE,1145,58.9,78
guide,1006,B1,n,/ɡˈaɪd/,người hướng dẫn; sách hướng dẫn,The guide showed us the temple.,FALSE,1146,58.9,78
grant,1007,B1,v,/ɡɹˈænt/,cấp; ban cho,They granted him a visa.,FALSE,1147,58.9,78
taxi,1008,B1,n,/tˈæksi/,xe taxi,Let's take a taxi to the airport.,TRUE,1148,58.89,77
feed,1009,B1,v,/fˈid/,"cho ăn, nuôi",Don't forget to feed the cat.,FALSE,1149,58.89,77
pain,1010,B1,n,/pˈeɪn/,sự đau đớn,I have a pain in my back.,FALSE,1150,58.89,77
sector,1011,B1,n,/sˈɛktɚ/,khu vực; ngành,She works in the public sector.,FALSE,1151,58.87,77
mistake,1012,B1,n,/mɪstˈeɪk/,"lỗi, sai lầm",Everyone makes mistakes.,FALSE,1152,58.87,77
ensure,1013,B1,v,/ɛnʃˈʊɹ/,đảm bảo,Please ensure the door is locked.,FALSE,1153,58.86,77
satisfy,1014,B1,v,/sˈætəsfˌaɪ/,làm hài lòng; thỏa mãn,The meal satisfied everyone.,FALSE,1154,58.85,77
chief,1015,B1,adj,/tʃˈif/,"chính, trưởng",He is the chief engineer.,FALSE,1155,58.85,77
cool,1016,B1,adj,/kˈul/,mát mẻ; ngầu,The evening is cool and pleasant.,FALSE,1156,58.85,77
expert,1017,B1,n,/ˈɛkspɚt/,chuyên gia,She is an expert in biology.,FALSE,1157,58.84,77
wave,1018,B1,n,/wˈeɪv/,sóng; cái vẫy tay,The waves were very high.,FALSE,1158,58.84,77
south,1019,B1,n,/sˈaʊθ/,phía nam,The birds fly south in winter.,FALSE,1159,58.84,77
labor,1020,B1,n,/lˈeɪbɚ/,lao động; sức lao động,The job requires hard labor.,FALSE,1160,58.83,76
surface,1021,B1,n,/sˈɝfəs/,bề mặt,The surface of the lake is calm.,FALSE,1161,58.83,76
library,1022,B1,n,/lˈaɪbɹɛɹˌi/,thư viện,I study at the library.,TRUE,1162,58.82,76
excellent,1023,B1,adj,/ˈɛksələnt/,"xuất sắc, tuyệt vời",Her English is excellent.,FALSE,1163,58.81,76
edge,1024,B1,n,/ˈɛdʒ/,"cạnh, mép, rìa",Don't stand near the edge.,FALSE,1164,58.81,76
camp,1025,B1,n,/kˈæmp/,"trại, khu cắm trại",We set up camp near the river.,TRUE,1165,58.81,76
audience,1026,B1,n,/ˈɑdiəns/,khán giả,The audience clapped loudly.,FALSE,1166,58.8,76
lift,1027,B1,v,/lˈɪft/,"nâng lên, nhấc",Lift the box carefully.,FALSE,1167,58.8,76
procedure,1028,B1,n,/pɹəsˈidʒɚ/,thủ tục; quy trình,Follow the safety procedure.,FALSE,1168,58.79,76
email,1029,B1,n,/imˈeɪl/,thư điện tử,I sent you an email.,TRUE,1169,58.79,76
global,1030,B1,adj,/ɡlˈoʊbəl/,toàn cầu,Climate change is a global issue.,FALSE,1170,58.79,76
struggle,1031,B1,v,/stɹˈʌɡəl/,đấu tranh; vật lộn,She struggled to finish on time.,FALSE,1171,58.79,76
advertise,1032,B1,v,/ˈædvɚtˌaɪz/,quảng cáo,They advertise on television.,FALSE,1172,58.77,75
select,1033,B1,v,/səlˈɛkt/,"chọn, lựa chọn",Select the correct answer.,FALSE,1173,58.76,75
surround,1034,B1,v,/sɚˈaʊnd/,"bao quanh, vây quanh",Trees surround the house.,FALSE,1174,58.75,75
extent,1035,B1,n,/ɪkstˈɛnt/,"mức độ, phạm vi","To some extent, I agree.",FALSE,1175,58.74,75
river,1036,B1,n,/ɹˈɪvɚ/,con sông,The river flows through the city.,TRUE,1176,58.73,75
annual,1037,B1,adj,/ˈænjuəl/,hằng năm,This is our annual meeting.,FALSE,1177,58.73,75
fully,1038,B1,adv,/fˈʊli/,"hoàn toàn, đầy đủ",I fully understand the rules.,FALSE,1178,58.73,75
contrast,1039,B1,n,/kˈɑntɹæst/,sự tương phản,There is a clear contrast between them.,FALSE,1179,58.72,75
roll,1040,B1,v,/ɹˈoʊl/,lăn; cuộn,The ball rolled down the hill.,FALSE,1180,58.71,74
reality,1041,B1,n,/ɹˌiˈælətˌi/,"thực tế, hiện thực",Dreams are not reality.,FALSE,1181,58.71,74
photograph,1042,B1,n,/fˈoʊtəɡɹˌæf/,bức ảnh,She took a photograph of the sunset.,TRUE,1182,58.7,74
artist,1043,B1,n,/ˈɑɹtəst/,"nghệ sĩ, họa sĩ",The artist painted a landscape.,FALSE,1183,58.69,74
conflict,1044,B1,n,/kˈɑnflɪkt/,"xung đột, mâu thuẫn",They had a small conflict.,FALSE,1184,58.69,74
entire,1045,B1,adj,/ɪntˈaɪɚ/,"toàn bộ, cả",I read the entire book.,FALSE,1185,58.69,74
presence,1046,B1,n,/pɹˈɛzəns/,"sự hiện diện, sự có mặt",Your presence is required.,FALSE,1186,58.69,74
crowd,1047,B1,n,/kɹˈaʊd/,đám đông,A large crowd gathered.,FALSE,1187,58.69,74
corner,1048,B1,n,/kˈɔɹnɚ/,góc,The shop is on the corner.,TRUE,1188,58.69,74
gas,1049,B1,n,/ɡˈæs/,khí; xăng,Turn off the gas after cooking.,TRUE,1189,58.69,74
shift,1050,B1,n,/ʃˈɪft/,ca làm việc; sự dịch chuyển,She works the night shift.,FALSE,1190,58.68,74
net,1051,B1,n,/nˈɛt/,lưới,The fish escaped from the net.,TRUE,1191,58.68,74
category,1052,B1,n,/kˈætəɡˌɔɹi/,"loại, hạng mục",This book is in the science category.,FALSE,1192,58.68,74
secretary,1053,B1,n,/sˈɛkɹətˌɛɹi/,thư ký,The secretary answered the phone.,FALSE,1193,58.68,74
defense,1054,B1,n,/dɪfˈɛns/,"sự phòng thủ, bảo vệ",Their team has a strong defense.,FALSE,1194,58.68,74
quick,1055,B1,adj,/kwˈɪk/,nhanh,Let's have a quick lunch.,FALSE,1195,58.67,74
cook,1056,B1,v,/kˈʊk/,nấu ăn,She cooks dinner every day.,FALSE,1196,58.67,74
spread,1057,B1,v,/spɹˈɛd/,lan ra; trải ra,The fire spread quickly.,FALSE,1197,58.66,73
nuclear,1058,B1,adj,/nˈukliɚ/,thuộc hạt nhân,This is a nuclear power plant.,FALSE,1198,58.66,73
scale,1059,B1,n,/skˈeɪl/,quy mô; cân; thang,The map has a small scale.,FALSE,1199,58.66,73
driver,1060,B1,n,/dɹˈaɪvɚ/,"người lái xe, tài xế",The bus driver was friendly.,FALSE,1200,58.66,73
ball,1061,B1,n,/bˈɔl/,quả bóng,The children kicked the ball.,TRUE,1201,58.65,73
cry,1062,B1,v,/kɹˈaɪ/,khóc,The baby is crying.,FALSE,1202,58.64,73
introduction,1063,B1,n,/ˌɪntɹədˈʌkʃən/,sự giới thiệu; phần mở đầu,Read the introduction first.,FALSE,1203,58.63,73
requirement,1064,B1,n,/ɹɪkwˈaɪɹmənt/,"yêu cầu, điều kiện",What are the job requirements?,FALSE,1204,58.63,73
north,1065,B1,n,/nˈɔɹθ/,phía bắc,The wind blows from the north.,FALSE,1205,58.62,73
confirm,1066,B1,v,/kənfˈɝm/,xác nhận,Please confirm your booking.,FALSE,1206,58.62,73
senior,1067,B1,adj,/sˈinjɚ/,cao cấp; lớn tuổi,He is a senior manager.,FALSE,1207,58.6,72
photo,1068,B1,n,/fˈoʊtˌoʊ/,bức ảnh,Take a photo of us.,TRUE,1208,58.59,72
refuse,1069,B1,v,/ɹəfjˈuz/,từ chối,She refused the offer.,FALSE,1209,58.59,72
transport,1070,B1,n,/tɹænspˈɔɹt/,sự vận chuyển; phương tiện,Public transport is cheap here.,FALSE,1210,58.58,72
emerge,1071,B1,v,/ɪmˈɝdʒ/,"xuất hiện, nổi lên",The sun emerged from the clouds.,FALSE,1211,58.58,72
map,1072,B1,n,/mˈæp/,bản đồ,Look at the map for directions.,TRUE,1212,58.58,72
concept,1073,B1,n,/kˈɑnsɛpt/,khái niệm,This is a difficult concept.,FALSE,1213,58.58,72
island,1074,B1,n,/ˈaɪlənd/,hòn đảo,They live on a small island.,TRUE,1214,58.57,72
reform,1075,B1,n,/ɹəfˈɔɹm/,sự cải cách,The country needs reform.,FALSE,1215,58.57,72
football,1076,B1,n,/fˈʊtbˌɔl/,bóng đá; bóng bầu dục,He plays football on weekends.,TRUE,1217,58.56,72
survive,1077,B1,v,/sɚvˈaɪv/,sống sót,Only a few plants survived the cold.,FALSE,1218,58.56,72
flight,1078,B1,n,/flˈaɪt/,chuyến bay,Our flight leaves at noon.,FALSE,1219,58.55,72
left,1079,B1,n,/lˈɛft/,bên trái,Turn to the left.,FALSE,1220,58.55,72
solve,1080,B1,v,/sˈɑlv/,giải quyết,We must solve this problem.,FALSE,1221,58.54,72
neighbor,1081,B1,n,/nˈeɪbɚ/,người hàng xóm,My neighbor is very kind.,FALSE,1222,58.54,72
background,1082,B1,n,/bˈækɡɹˌaʊnd/,"hoàn cảnh; nền, phông",He has a science background.,FALSE,1223,58.54,71
technique,1083,B1,n,/tɛknˈik/,kỹ thuật,She learned a new technique.,FALSE,1224,58.54,71
traffic,1084,B1,n,/tɹˈæfɪk/,giao thông,The traffic is heavy today.,FALSE,1225,58.54,71
improvement,1085,B1,n,/ˌɪmpɹˈuvmənt/,sự cải thiện,There is a big improvement.,FALSE,1226,58.53,71
tool,1086,B1,n,/tˈul/,"công cụ, dụng cụ",A hammer is a useful tool.,TRUE,1227,58.52,71
consequence,1087,B1,n,/kˈɑnsəkwəns/,hậu quả,Actions have consequences.,FALSE,1228,58.52,71
circumstance,1088,B1,n,/sˈɝkəmstˌæns/,"hoàn cảnh, tình huống","Under the circumstances, we waited.",FALSE,1229,58.52,71
smoke,1089,B1,n,/smˈoʊk/,khói,The room was full of smoke.,FALSE,1230,58.52,71
reaction,1090,B1,n,/ɹiˈækʃən/,phản ứng,What was her reaction?,FALSE,1231,58.52,71
rain,1091,B1,n,/ɹˈeɪn/,mưa,The rain stopped in the evening.,FALSE,1232,58.52,71
busy,1092,B1,adj,/bˈɪzi/,bận rộn; đông đúc,I am very busy today.,FALSE,1233,58.51,71
lesson,1093,B1,n,/lˈɛsən/,bài học,We have an English lesson now.,FALSE,1234,58.51,71
brain,1094,B1,n,/bɹˈeɪn/,bộ não,The brain controls the body.,TRUE,1235,58.5,71
mass,1095,B1,n,/mˈæs/,khối lượng; đám đông,A mass of people gathered.,FALSE,1236,58.5,71
funny,1096,B1,adj,/fˈʌni/,"buồn cười, hài hước",That joke was very funny.,FALSE,1237,58.49,71
contribute,1097,B1,v,/kəntɹˈɪbjut/,đóng góp,Everyone contributed some money.,FALSE,1238,58.49,71
failure,1098,B1,n,/fˈeɪljɚ/,sự thất bại,Failure is part of learning.,FALSE,1239,58.49,71
schedule,1099,B1,n,/skˈɛdʒʊl/,"lịch trình, thời gian biểu",Check your schedule for tomorrow.,FALSE,1240,58.48,71
speaker,1100,B1,n,/spˈikɚ/,người nói; loa,The speaker gave a great talk.,TRUE,1241,58.48,70
bottom,1101,B1,n,/bˈɑtəm/,đáy; phần dưới,Sign at the bottom of the page.,FALSE,1242,58.47,70
adopt,1102,B1,v,/ədˈɑpt/,nhận nuôi; áp dụng,They adopted a child.,FALSE,1243,58.47,70
combine,1103,B1,v,/kˈɑmbaɪn/,kết hợp,Combine the two ideas.,FALSE,1244,58.47,70
mountain,1104,B1,n,/mˈaʊntən/,ngọn núi,We climbed the high mountain.,TRUE,1245,58.46,70
waste,1105,B1,v,/wˈeɪst/,lãng phí,Don't waste your time.,FALSE,1246,58.46,70
hide,1106,B1,v,/hˈaɪd/,giấu; trốn,The cat hid under the bed.,FALSE,1247,58.45,70
marriage,1107,B1,n,/mˈɛɹɪdʒ/,"hôn nhân, cuộc hôn nhân",They have a happy marriage.,FALSE,1248,58.45,70
ticket,1108,B1,n,/tˈɪkət/,vé,I bought two movie tickets.,TRUE,1249,58.45,70
meal,1109,B1,n,/mˈil/,bữa ăn,We had a delicious meal.,FALSE,1250,58.45,70
colleague,1110,B1,n,/kˈɑliɡ/,đồng nghiệp,My colleagues are friendly.,FALSE,1251,58.45,70
bag,1111,B1,n,/bˈæɡ/,"cái túi, cặp",She carried a heavy bag.,TRUE,1252,58.45,70
repeat,1112,B1,v,/ɹɪpˈit/,lặp lại,Please repeat the question.,FALSE,1253,58.44,70
equal,1113,B1,adj,/ˈikwəl/,"bằng nhau, ngang bằng",Cut the cake into equal parts.,FALSE,1254,58.43,70
expression,1114,B1,n,/ɪkspɹˈɛʃən/,sự biểu lộ; thành ngữ,Learn this common expression.,FALSE,1255,58.43,70
plus,1115,B1,prep,/plˈʌs/,"cộng, thêm",Two plus two is four.,FALSE,1256,58.43,70
extremely,1116,B1,adv,/ɛkstɹˈimli/,"cực kỳ, vô cùng",It is extremely hot today.,FALSE,1257,58.43,70
owner,1117,B1,n,/ˈoʊnɚ/,"chủ, người sở hữu",Who is the owner of this car?,FALSE,1258,58.42,70
plane,1118,B1,n,/plˈeɪn/,máy bay,The plane landed safely.,TRUE,1259,58.42,69
commercial,1119,B1,adj,/kəmˈɝʃəl/,thương mại,This is a commercial building.,FALSE,1260,58.41,69
lady,1120,B1,n,/lˈeɪdi/,"quý bà, phụ nữ",The old lady smiled at me.,FALSE,1261,58.39,69
duty,1121,B1,n,/dˈuti/,"nhiệm vụ, bổn phận",It is my duty to help.,FALSE,1262,58.38,69
strength,1122,B1,n,/stɹˈɛŋkθ/,sức mạnh; điểm mạnh,Teamwork is our strength.,FALSE,1263,58.37,69
connect,1123,B1,v,/kənˈɛkt/,"kết nối, nối",Connect the cable to the TV.,FALSE,1264,58.36,69
cultural,1124,B1,adj,/kˈʌltʃɚəl/,thuộc văn hóa,We visited many cultural sites.,FALSE,1265,58.36,69
arrange,1125,B1,v,/ɚˈeɪndʒ/,sắp xếp; thu xếp,She arranged the flowers.,FALSE,1266,58.35,68
scheme,1126,B1,n,/skˈim/,kế hoạch; sơ đồ,They started a new scheme.,FALSE,1267,58.35,68
payment,1127,B1,n,/pˈeɪmənt/,"sự thanh toán, khoản trả",Your payment was received.,FALSE,1268,58.34,68
unfortunately,1128,B1,adv,/ənfˈɔɹtʃənətli/,"không may, thật tiếc","Unfortunately, the shop was closed.",FALSE,1269,58.34,68
brief,1129,B1,adj,/bɹˈif/,ngắn gọn,Let me give a brief summary.,FALSE,1270,58.34,68
bird,1130,B1,n,/bˈɝd/,con chim,A bird is singing in the tree.,TRUE,1271,58.33,68
demonstrate,1131,B1,v,/dˈɛmənstɹˌeɪt/,chứng minh; biểu diễn,She demonstrated how to use it.,FALSE,1272,58.33,68
contribution,1132,B1,n,/kˌɑntɹəbjˈuʃən/,sự đóng góp,Thank you for your contribution.,FALSE,1273,58.33,68
appreciate,1133,B1,v,/əpɹˈiʃiˌeɪt/,đánh giá cao; biết ơn,I appreciate your help.,FALSE,1274,58.32,68
chapter,1134,B1,n,/tʃˈæptɚ/,chương (sách),Read the first chapter tonight.,FALSE,1275,58.32,68
secret,1135,B1,n,/sˈikɹət/,bí mật,Can you keep a secret?,FALSE,1276,58.32,68
apparently,1136,B1,adv,/əpˈɛɹəntli/,"có vẻ như, hình như","Apparently, she is leaving soon.",FALSE,1277,58.32,68
novel,1137,B1,n,/nˈɑvəl/,tiểu thuyết,She wrote a famous novel.,TRUE,1278,58.32,68
union,1138,B1,n,/jˈunjən/,công đoàn; liên minh,He joined the workers' union.,FALSE,1279,58.31,68
burn,1139,B1,v,/bˈɝn/,đốt; cháy; bỏng,Be careful not to burn the rice.,FALSE,1280,58.31,68
trend,1140,B1,n,/tɹˈɛnd/,xu hướng,This is the latest fashion trend.,FALSE,1281,58.31,68
initial,1141,B1,adj,/ˌɪnˈɪʃəl/,"ban đầu, đầu tiên",My initial idea was different.,FALSE,1282,58.31,68
pleasure,1142,B1,n,/plˈɛʒɚ/,"niềm vui, sự vui thích",It's a pleasure to meet you.,FALSE,1283,58.3,68
suggestion,1143,B1,n,/sədʒˈɛstʃən/,"lời đề nghị, gợi ý",Do you have any suggestions?,FALSE,1284,58.3,68
critical,1144,B1,adj,/kɹˈɪtɪkəl/,quan trọng; phê phán,This is a critical moment.,FALSE,1285,58.29,67
gather,1145,B1,v,/ɡˈæðɚ/,tụ tập; thu thập,People gathered in the square.,FALSE,1286,58.29,67
mostly,1146,B1,adv,/mˈoʊstli/,"chủ yếu, phần lớn",The students are mostly girls.,FALSE,1287,58.29,67
earth,1147,B1,n,/ˈɝθ/,trái đất; đất,The Earth goes around the Sun.,FALSE,1288,58.29,67
pop,1148,B1,adj,/pˈɑp/,nhạc pop; (v) nổ,She likes pop music.,FALSE,1289,58.28,67
essential,1149,B1,adj,/ɛsˈɛnʃəl/,"thiết yếu, cần thiết",Water is essential for life.,FALSE,1290,58.27,67
desire,1150,B1,n,/dɪzˈaɪɚ/,"sự khao khát, mong muốn",She has a strong desire to learn.,FALSE,1291,58.27,67
promote,1151,B1,v,/pɹəmˈoʊt/,thăng chức; quảng bá,They promoted her to manager.,FALSE,1292,58.27,67
currently,1152,B1,adv,/kˈɝəntli/,"hiện nay, hiện tại",She is currently studying abroad.,FALSE,1293,58.27,67
employ,1153,B1,v,/ɛmplˈɔɪ/,tuyển dụng; sử dụng,The factory employs many workers.,FALSE,1294,58.26,67
path,1154,B1,n,/pˈæθ/,"con đường mòn, lối đi",Follow the path to the lake.,TRUE,1295,58.26,67
topic,1155,B1,n,/tˈɑpɪk/,"chủ đề, đề tài",Choose a topic for your essay.,FALSE,1296,58.26,67
beach,1156,B1,n,/bˈitʃ/,bãi biển,We relaxed on the beach.,TRUE,1297,58.25,67
attract,1157,B1,v,/ətɹˈækt/,"thu hút, hấp dẫn",The park attracts many tourists.,FALSE,1298,58.25,67
engage,1158,B1,v,/ɛnɡˈeɪdʒ/,thu hút; tham gia,The teacher engaged the class.,FALSE,1299,58.25,67
powerful,1159,B1,adj,/pˈaʊɚfəl/,"mạnh mẽ, hùng mạnh",This is a powerful engine.,FALSE,1300,58.24,67
flower,1160,B1,n,/flˈaʊɚ/,bông hoa,She picked a beautiful flower.,TRUE,1301,58.24,67
crisis,1161,B1,n,/kɹˈaɪsəs/,khủng hoảng,The country faced an economic crisis.,FALSE,1302,58.24,67
settle,1162,B1,v,/sˈɛtəl/,định cư; giải quyết,They settled in a new town.,FALSE,1303,58.23,67
boat,1163,B1,n,/bˈoʊt/,con thuyền,We rowed the boat across the lake.,TRUE,1304,58.23,66
aid,1164,B1,n,/ˈeɪd/,"sự viện trợ, giúp đỡ",They sent aid to the flood victims.,FALSE,1305,58.23,66
fan,1165,B1,n,/fˈæn/,người hâm mộ; cái quạt,He is a big football fan.,TRUE,1306,58.23,66
kitchen,1166,B1,n,/kˈɪtʃən/,nhà bếp,She is cooking in the kitchen.,TRUE,1307,58.23,66
twice,1167,B1,adv,/twˈaɪs/,hai lần,I brush my teeth twice a day.,FALSE,1308,58.22,66
fresh,1168,B1,adj,/fɹˈɛʃ/,tươi; mới,I love fresh vegetables.,FALSE,1309,58.22,66
delay,1169,B1,n,/dɪlˈeɪ/,"sự trì hoãn, chậm trễ",There was a long delay.,FALSE,1310,58.22,66
safety,1170,B1,n,/sˈeɪfti/,sự an toàn,Safety comes first.,FALSE,1311,58.22,66
engineer,1171,B1,n,/ˈɛndʒənˈɪɹ/,kỹ sư,He is a software engineer.,FALSE,1312,58.22,66
quiet,1172,B1,adj,/kwˈaɪət/,"yên tĩnh, im lặng",The library is very quiet.,FALSE,1313,58.21,66
insurance,1173,B1,n,/ˌɪnʃˈʊɹəns/,bảo hiểm,Do you have health insurance?,FALSE,1314,58.21,66
nurse,1174,B1,n,/nˈɝs/,y tá,The nurse took my temperature.,TRUE,1315,58.21,66
divide,1175,B1,v,/dɪvˈaɪd/,chia,Divide the class into groups.,FALSE,1316,58.2,66
length,1176,B1,n,/lˈɛŋkθ/,chiều dài; độ dài,Measure the length of the room.,FALSE,1317,58.2,66
investigation,1177,B1,n,/ˌɪnvˌɛstəɡˈeɪʃən/,cuộc điều tra,The police started an investigation.,FALSE,1318,58.19,66
package,1178,B1,n,/pˈækədʒ/,"gói hàng, bưu kiện",A package arrived for you.,TRUE,1319,58.19,66
expand,1179,B1,v,/ɪkspˈænd/,mở rộng,The company plans to expand.,FALSE,1321,58.18,66
commit,1180,B1,v,/kəmˈɪt/,cam kết; phạm (tội),She is committed to her work.,FALSE,1322,58.18,66
obvious,1181,B1,adj,/ˈɑbviəs/,"rõ ràng, hiển nhiên",The answer is obvious.,FALSE,1323,58.18,66
jump,1182,B1,v,/dʒˈʌmp/,nhảy,The cat jumped onto the table.,FALSE,1324,58.16,65
weapon,1183,B1,n,/wˈɛpən/,vũ khí,The police found a weapon.,TRUE,1325,58.16,65
relatively,1184,B1,adv,/ɹˈɛlətɪvli/,tương đối,This test was relatively easy.,FALSE,1326,58.15,65
host,1185,B1,n,/hˈoʊst/,chủ nhà; người dẫn chương trình,She was a kind host.,FALSE,1327,58.15,65
winter,1186,B1,n,/wˈɪntɚ/,mùa đông,Winter is very cold here.,FALSE,1328,58.15,65
district,1187,B1,n,/dˈɪstɹɪkt/,"quận, huyện",They live in a quiet district.,FALSE,1329,58.15,65
broad,1188,B1,adj,/bɹˈɔd/,"rộng, rộng lớn",He has broad shoulders.,FALSE,1330,58.14,65
tire,1189,B1,n,/tˈaɪɚ/,lốp xe,The car has a flat tire.,TRUE,1331,58.12,65
spring,1190,B1,n,/spɹˈɪŋ/,mùa xuân; lò xo,Flowers bloom in spring.,FALSE,1332,58.11,65
spirit,1191,B1,n,/spˈɪɹət/,tinh thần; linh hồn,The team has great spirit.,FALSE,1333,58.09,64
lunch,1192,B1,n,/lˈʌntʃ/,bữa trưa,Let's have lunch together.,FALSE,1334,58.09,64
actual,1193,B1,adj,/ˈæktʃəwəl/,"thực tế, thực sự",What is the actual cost?,FALSE,1335,58.08,64
pool,1194,B1,n,/pˈul/,hồ bơi; vũng,The hotel has a swimming pool.,TRUE,1336,58.08,64
battle,1195,B1,n,/bˈætəl/,trận chiến,They won the final battle.,FALSE,1337,58.08,64
tradition,1196,B1,n,/tɹədˈɪʃən/,truyền thống,This is an old family tradition.,FALSE,1338,58.08,64
cash,1197,B1,n,/kˈæʃ/,tiền mặt,I paid in cash.,TRUE,1339,58.07,64
hardly,1198,B1,adv,/hˈɑɹdli/,hầu như không,I can hardly hear you.,FALSE,1340,58.06,64
award,1199,B1,n,/əwˈɔɹd/,giải thưởng,She won an award for her work.,TRUE,1341,58.06,64
coach,1200,B1,n,/kˈoʊtʃ/,huấn luyện viên; xe khách,The coach trained the team hard.,FALSE,1342,58.06,64
experiment,1201,B1,n,/ɪkspˈɛɹəmənt/,thí nghiệm,We did a science experiment.,FALSE,1343,58.06,64
consideration,1202,B1,n,/kənsˌɪdɚˈeɪʃən/,sự cân nhắc,Take this into consideration.,FALSE,1344,58.06,64
strange,1203,B1,adj,/stɹˈeɪndʒ/,"kỳ lạ, lạ",I heard a strange noise.,FALSE,1345,58.06,64
code,1204,B1,n,/kˈoʊd/,"mã, mật mã",Enter your secret code.,FALSE,1346,58.06,64
possibly,1205,B1,adv,/pˈɑsəbli/,"có thể, có lẽ",This is possibly the best plan.,FALSE,1347,58.04,64
threat,1206,B1,n,/θɹˈɛt/,mối đe dọa,Pollution is a serious threat.,FALSE,1348,58.04,64
accident,1207,B1,n,/ˈæksədənt/,tai nạn,There was a car accident.,FALSE,1349,58.04,64
impossible,1208,B1,adj,/ˌɪmpˈɑsəbəl/,không thể,This task seems impossible.,FALSE,1350,58.04,64
revenue,1209,B1,n,/ɹˈɛvənˌu/,doanh thu,The company's revenue grew.,FALSE,1351,58.04,64
enable,1210,B1,v,/ɛnˈeɪbəl/,cho phép; tạo điều kiện,This app enables fast learning.,FALSE,1352,58.04,64
afraid,1211,B1,adj,/əfɹˈeɪd/,"sợ, e ngại",I am afraid of the dark.,FALSE,1353,58.03,63
active,1212,B1,adj,/ˈæktɪv/,"năng động, tích cực",She leads an active life.,FALSE,1354,58.03,63
conclude,1213,B1,v,/kənklˈud/,kết luận; kết thúc,She concluded her speech.,FALSE,1355,58.02,63
religious,1214,B1,adj,/ɹɪlˈɪdʒəs/,"thuộc tôn giáo, sùng đạo",They are a religious family.,FALSE,1356,58.01,63
cancer,1215,B1,n,/kˈænsɚ/,bệnh ung thư,Smoking can cause cancer.,FALSE,1357,58.01,63
convince,1216,B1,v,/kənvˈɪns/,thuyết phục,She convinced me to stay.,FALSE,1358,58.01,63
vary,1217,B1,v,/vˈɛɹi/,"thay đổi, khác nhau",Prices vary from shop to shop.,FALSE,1359,58.01,63
environmental,1218,B1,adj,/ɪnvˌaɪɹənmˈɛntəl/,thuộc môi trường,We discussed environmental issues.,FALSE,1360,58,63
sun,1219,B1,n,/sˈʌn/,mặt trời,The sun is very bright today.,TRUE,1361,58,63
healthy,1220,B1,adj,/hˈɛlθi/,khỏe mạnh; lành mạnh,Eat healthy food every day.,FALSE,1362,57.99,63
blow,1221,B1,v,/blˈoʊ/,thổi,The wind is blowing hard.,FALSE,1363,57.98,63
volume,1222,B1,n,/vˈɑljum/,âm lượng; thể tích; tập,"Turn down the volume, please.",FALSE,1364,57.97,63
location,1223,B1,n,/loʊkˈeɪʃən/,"vị trí, địa điểm",The hotel has a great location.,FALSE,1365,57.97,63
invest,1224,B1,v,/ˌɪnvˈɛst/,đầu tư,They invested in a new business.,FALSE,1366,57.97,63
proceed,1225,B1,v,/pɹəsˈid/,"tiến hành, tiếp tục",Please proceed to the gate.,FALSE,1367,57.97,63
wash,1226,B1,v,/wˈɑʃ/,"rửa, giặt",Wash your hands before eating.,FALSE,1368,57.97,63
actor,1227,B1,n,/ˈæktɚ/,diễn viên,He is a famous actor.,TRUE,1369,57.96,63
glad,1228,B1,adj,/ɡlˈæd/,"vui, mừng",I am glad to see you.,FALSE,1370,57.96,63
tape,1229,B1,n,/tˈeɪp/,băng dính; băng ghi,Use tape to fix the box.,TRUE,1371,57.96,62
opposite,1230,B1,adj,/ˈɑpəzət/,đối diện; ngược lại,The bank is opposite the park.,FALSE,1373,57.95,62
stone,1231,B1,n,/stˈoʊn/,hòn đá,He threw a stone into the water.,TRUE,1374,57.95,62
sum,1232,B1,n,/sˈʌm/,tổng; số tiền,The sum of two and three is five.,FALSE,1375,57.95,62
murder,1233,B1,n,/mˈɝdɚ/,vụ giết người,The police solved the murder.,FALSE,1376,57.95,62
monitor,1234,B1,n,/mˈɑnətɚ/,màn hình; người theo dõi,The computer monitor is broken.,TRUE,1377,57.94,62
soldier,1235,B1,n,/sˈoʊldʒɚ/,người lính,The soldier stood at the gate.,TRUE,1378,57.94,62
finance,1236,B1,n,/fənˈæns/,tài chính,She studies finance at college.,FALSE,1379,57.94,62
hate,1237,B1,v,/hˈeɪt/,ghét,I hate waiting in long lines.,FALSE,1380,57.93,62
egg,1238,B1,n,/ˈɛɡ/,quả trứng,I eat two eggs for breakfast.,TRUE,1381,57.93,62
concert,1239,B1,n,/kˈɑnsɚt/,buổi hòa nhạc,We went to a rock concert.,FALSE,1382,57.92,62
shock,1240,B1,n,/ʃˈɑk/,cú sốc,The news was a big shock.,FALSE,1383,57.92,62
comfortable,1241,B1,adj,/kˈʌmfɚtəbəl/,"thoải mái, dễ chịu",This chair is very comfortable.,FALSE,1384,57.92,62
usual,1242,B1,adj,/jˈuʒəwəl/,"thường lệ, thông thường",He arrived at the usual time.,FALSE,1385,57.92,62
carefully,1243,B1,adv,/kˈɛɹfəli/,một cách cẩn thận,Read the instructions carefully.,FALSE,1386,57.91,62
pack,1244,B1,v,/pˈæk/,đóng gói; xếp đồ,I need to pack my bags.,FALSE,1387,57.91,62
recall,1245,B1,v,/ɹˈikˌɔl/,nhớ lại; thu hồi,I can't recall her name.,FALSE,1388,57.91,62
wine,1246,B1,n,/wˈaɪn/,rượu vang,They drank a glass of wine.,TRUE,1389,57.9,62
camera,1247,B1,n,/kˈæmɚə/,máy ảnh,She bought a new camera.,TRUE,1390,57.9,62
swim,1248,B1,v,/swˈɪm/,bơi,I swim every weekend.,FALSE,1391,57.9,62
manufacture,1249,B1,v,/mˌænjəfˈæktʃɚ/,"sản xuất, chế tạo",The factory manufactures phones.,FALSE,1392,57.9,62
theater,1250,B1,n,/θˈiətɚ/,"nhà hát, rạp",We watched a play at the theater.,TRUE,1393,57.89,61
cycle,1251,B1,n,/sˈaɪkəl/,chu kỳ; xe đạp,The water cycle is natural.,FALSE,1394,57.88,61
coffee,1252,B1,n,/kˈɑfi/,cà phê,I drink coffee every morning.,TRUE,1395,57.87,61
totally,1253,B1,adv,/tˈoʊtəli/,hoàn toàn,I totally agree with you.,FALSE,1396,57.87,61
museum,1254,B1,n,/mjuzˈiəm/,viện bảo tàng,We visited the art museum.,TRUE,1397,57.87,61
visitor,1255,B1,n,/vˈɪzɪtɚ/,"khách tham quan, khách",The museum had many visitors.,FALSE,1398,57.87,61
freedom,1256,B1,n,/fɹˈidəm/,sự tự do,Everyone wants freedom.,FALSE,1399,57.86,61
construction,1257,B1,n,/kənstɹˈʌkʃən/,"sự xây dựng, công trình",The building is under construction.,FALSE,1400,57.86,61
dear,1258,B1,adj,/dˈɪɹ/,thân mến; đắt,"Dear friend, thank you.",FALSE,1401,57.86,61
objective,1259,B1,n,/əbdʒˈɛktɪv/,mục tiêu,Our main objective is clear.,FALSE,1402,57.84,61
historical,1260,B1,adj,/hɪstˈɔɹɪkəl/,thuộc lịch sử,This is a historical building.,FALSE,1405,57.83,61
oppose,1261,B1,v,/əpˈoʊz/,"phản đối, chống lại",Many people oppose the plan.,FALSE,1406,57.83,61
branch,1262,B1,n,/bɹˈæntʃ/,cành cây; chi nhánh,The bank has a new branch.,TRUE,1407,57.82,61
vehicle,1263,B1,n,/vˈihɪkəl/,"xe cộ, phương tiện",Park your vehicle here.,TRUE,1408,57.82,61
scientist,1264,B1,n,/sˈaɪəntɪst/,nhà khoa học,The scientist studied the results.,FALSE,1409,57.82,60
route,1265,B1,n,/ɹˈut/,"tuyến đường, lộ trình",This is the fastest route.,FALSE,1410,57.81,60
bind,1266,B1,v,/bˈaɪnd/,buộc; ràng buộc,Bind the papers together.,FALSE,1411,57.8,60
belong,1267,B1,v,/bɪlˈɔŋ/,thuộc về,This book belongs to me.,FALSE,1412,57.8,60
taste,1268,B1,n,/tˈeɪst/,vị; khẩu vị,The soup has a great taste.,FALSE,1413,57.8,60
tonight,1269,B1,adv,/tənˈaɪt/,tối nay,Let's go out tonight.,FALSE,1414,57.79,60
fashion,1270,B1,n,/fˈæʃən/,thời trang,She works in the fashion industry.,FALSE,1415,57.79,60
danger,1271,B1,n,/dˈeɪndʒɚ/,sự nguy hiểm,Keep away from danger.,FALSE,1416,57.79,60
bomb,1272,B1,n,/bˈɑm/,quả bom,The bomb did not explode.,TRUE,1417,57.79,60
army,1273,B1,n,/ˈɑɹmi/,quân đội,He joined the army.,FALSE,1418,57.79,60
dangerous,1274,B1,adj,/dˈeɪndʒɚəs/,nguy hiểm,This road is dangerous at night.,FALSE,1419,57.77,60
decrease,1275,B1,v,/dɪkɹˈis/,"giảm, giảm bớt",The number of students decreased.,FALSE,1420,57.76,60
hurt,1276,B1,v,/hˈɝt/,làm đau; đau,My leg hurts.,FALSE,1421,57.76,60
council,1277,B1,n,/kˈaʊnsəl/,hội đồng,The city council met today.,FALSE,1422,57.75,60
editor,1278,B1,n,/ˈɛdətɚ/,biên tập viên,She is the newspaper editor.,FALSE,1423,57.74,59
normally,1279,B1,adv,/nˈɔɹməli/,"thường, bình thường",I normally sleep early.,FALSE,1424,57.74,59
sight,1280,B1,n,/sˈaɪt/,thị giác; cảnh tượng,The mountains are a beautiful sight.,FALSE,1425,57.74,59
generate,1281,B1,v,/dʒˈɛnɚˌeɪt/,"tạo ra, sinh ra",Solar panels generate power.,FALSE,1426,57.73,59
gift,1282,B1,n,/ɡˈɪft/,món quà,I bought a gift for her.,TRUE,1427,57.73,59
delivery,1283,B1,n,/dɪlˈɪvɚi/,sự giao hàng,Free delivery is available.,FALSE,1428,57.72,59
deny,1284,B1,v,/dɪnˈaɪ/,"phủ nhận, từ chối",He denied the accusation.,FALSE,1429,57.72,59
guest,1285,B1,n,/ɡˈɛst/,khách,We have guests for dinner.,FALSE,1430,57.72,59
bedroom,1286,B1,n,/bˈɛdɹˌum/,phòng ngủ,My bedroom is upstairs.,TRUE,1432,57.71,59
quote,1287,B1,v,/kwˈoʊt/,trích dẫn; báo giá,She quoted a famous writer.,FALSE,1433,57.71,59
climb,1288,B1,v,/klˈaɪm/,"leo, trèo",They climbed the mountain.,FALSE,1434,57.7,59
basically,1289,B1,adv,/bˈeɪsɪkli/,về cơ bản,"Basically, the plan is simple.",FALSE,1435,57.7,59
violence,1290,B1,n,/vˈaɪələns/,bạo lực,The film has too much violence.,FALSE,1436,57.69,59
minister,1291,B1,n,/mˈɪnəstɚ/,bộ trưởng; mục sư,The minister gave a speech.,FALSE,1437,57.69,59
mainly,1292,B1,adv,/mˈeɪnli/,chủ yếu,The class is mainly beginners.,FALSE,1438,57.68,59
mouth,1293,B1,n,/mˈaʊθ/,cái miệng,"Open your mouth, please.",TRUE,1439,57.68,59
noise,1294,B1,n,/nˈɔɪz/,tiếng ồn,The noise kept me awake.,FALSE,1440,57.68,59
manner,1295,B1,n,/mˈænɚ/,cách thức; thái độ,He spoke in a polite manner.,FALSE,1441,57.67,59
gun,1296,B1,n,/ɡˈʌn/,khẩu súng,The police carried a gun.,TRUE,1442,57.67,58
square,1297,B1,n,/skwˈɛɹ/,quảng trường; hình vuông,We met in the town square.,TRUE,1443,57.67,58
occasion,1298,B1,n,/əkˈeɪʒən/,"dịp, cơ hội",This is a special occasion.,FALSE,1444,57.65,58
familiar,1299,B1,adj,/fəmˈɪljɚ/,quen thuộc,Her face looks familiar.,FALSE,1445,57.64,58
ignore,1300,B1,v,/ˌɪɡnˈɔɹ/,"phớt lờ, làm ngơ",Don't ignore the warning.,FALSE,1446,57.64,58
destroy,1301,B1,v,/dɪstɹˈɔɪ/,"phá hủy, tiêu diệt",The fire destroyed the house.,FALSE,1447,57.64,58
affair,1302,B1,n,/əfˈɛɹ/,"việc, chuyện; sự vụ",This is a private affair.,FALSE,1448,57.63,58
civil,1303,B1,adj,/sˈɪvəl/,dân sự; công dân,They discussed civil rights.,FALSE,1449,57.62,58
locate,1304,B1,v,/lˈoʊkˌeɪt/,định vị; đặt ở,Can you locate the problem?,FALSE,1450,57.62,58
citizen,1305,B1,n,/sˈɪtəzən/,công dân,He is a Vietnamese citizen.,FALSE,1451,57.62,58
temperature,1306,B1,n,/tˈɛmpɹətʃɚ/,nhiệt độ,The temperature is rising.,FALSE,1452,57.61,58
gold,1307,B1,n,/ɡˈoʊld/,vàng,The ring is made of gold.,TRUE,1453,57.61,58
domestic,1308,B1,adj,/dəmˈɛstɪk/,trong nước; gia đình,This is a domestic flight.,FALSE,1454,57.57,57
load,1309,B1,n,/lˈoʊd/,tải trọng; hàng chở,The truck carried a heavy load.,FALSE,1455,57.57,57
belief,1310,B1,n,/bɪlˈif/,niềm tin,She has strong beliefs.,FALSE,1456,57.57,57
troop,1311,B1,n,/tɹˈup/,"quân lính, binh sĩ",The troops marched forward.,FALSE,1457,57.57,57
technical,1312,B1,adj,/tˈɛknɪkəl/,thuộc kỹ thuật,This is a technical problem.,FALSE,1458,57.56,57
remind,1313,B1,v,/ɹimˈaɪnd/,nhắc nhở,Remind me to call her.,FALSE,1459,57.56,57
arrangement,1314,B1,n,/ɚˈeɪndʒmənt/,sự sắp xếp; thỏa thuận,We made travel arrangements.,FALSE,1460,57.56,57
skin,1315,B1,n,/skˈɪn/,da,Protect your skin from the sun.,TRUE,1461,57.55,57
prison,1316,B1,n,/pɹˈɪzən/,nhà tù,He spent five years in prison.,TRUE,1462,57.55,57
switch,1317,B1,n,/swˈɪtʃ/,công tắc; sự chuyển đổi,Turn off the light switch.,TRUE,1463,57.55,57
acquire,1318,B1,v,/əkwˈaɪɚ/,"thu được, đạt được",She acquired new skills.,FALSE,1464,57.54,57
corporate,1319,B1,adj,/kˈɔɹpɚət/,"thuộc công ty, doanh nghiệp",He works in corporate law.,FALSE,1465,57.53,57
fairly,1320,B1,adv,/fˈɛɹli/,"khá, tương đối",The exam was fairly easy.,FALSE,1466,57.53,57
wood,1321,B1,n,/wˈʊd/,gỗ,The table is made of wood.,TRUE,1467,57.53,57
participate,1322,B1,v,/pɑɹtˈɪsəpˌeɪt/,tham gia,Everyone should participate.,FALSE,1468,57.53,57
tough,1323,B1,adj,/tˈʌf/,"khó khăn; dai, cứng",It was a tough decision.,FALSE,1469,57.53,57
tear,1324,B1,n,/tˈɛɹ/,giọt nước mắt,A tear ran down her cheek.,FALSE,1470,57.52,57
representative,1325,B1,n,/ɹˌɛpɹəzˈɛntətɪv/,người đại diện,She is our class representative.,FALSE,1471,57.52,57
capacity,1326,B1,n,/kəpˈæsəti/,sức chứa; năng lực,The hall has a large capacity.,FALSE,1472,57.52,57
border,1327,B1,n,/bˈɔɹdɚ/,biên giới,They crossed the border.,FALSE,1473,57.51,56
shake,1328,B1,v,/ʃˈeɪk/,lắc; rung; run,Shake the bottle well.,FALSE,1474,57.51,56
assessment,1329,B1,n,/əsˈɛsmənt/,sự đánh giá,The teacher made an assessment.,FALSE,1475,57.51,56
shoe,1330,B1,n,/ʃˈu/,giày,I bought a new pair of shoes.,TRUE,1476,57.51,56
ad,1331,B1,n,/ˈæd/,quảng cáo,I saw an ad on TV.,FALSE,1478,57.5,56
fee,1332,B1,n,/fˈi/,"lệ phí, phí",The entrance fee is small.,FALSE,1479,57.49,56
hall,1333,B1,n,/hˈɔl/,sảnh; hội trường,The meeting is in the main hall.,TRUE,1480,57.49,56
regulation,1334,B1,n,/ɹˌɛɡjəlˈeɪʃən/,"quy định, quy tắc",Follow the safety regulations.,FALSE,1481,57.48,56
escape,1335,B1,v,/ɪskˈeɪp/,trốn thoát,The bird escaped from the cage.,FALSE,1482,57.48,56
studio,1336,B1,n,/stˈudiˌoʊ/,xưởng; phòng thu,She works in an art studio.,TRUE,1483,57.48,56
proper,1337,B1,adj,/pɹˈɑpɚ/,đúng đắn; thích hợp,Wear proper shoes for hiking.,FALSE,1484,57.47,56
relax,1338,B1,v,/ɹɪlˈæks/,thư giãn,I relax by reading books.,FALSE,1485,57.47,56
tourist,1339,B1,n,/tˈʊɹəst/,khách du lịch,Many tourists visit the city.,FALSE,1486,57.47,56
component,1340,B1,n,/kəmpˈoʊnənt/,"bộ phận, thành phần",This is a key component.,TRUE,1487,57.47,56
afford,1341,B1,v,/əfˈɔɹd/,đủ khả năng (chi trả),I can't afford a new car.,FALSE,1488,57.46,56
lawyer,1342,B1,n,/lˈɔjɚ/,luật sư,She hired a good lawyer.,TRUE,1489,57.46,56
suspect,1343,B1,v,/səspˈɛkt/,nghi ngờ,The police suspect him.,FALSE,1490,57.45,56
cup,1344,B1,n,/kˈʌp/,"cái cốc, tách",I drink a cup of tea.,TRUE,1491,57.45,56
description,1345,B1,n,/dɪskɹˈɪpʃən/,sự mô tả,Write a short description.,FALSE,1492,57.45,56
confidence,1346,B1,n,/kˈɑnfədəns/,sự tự tin; sự tin tưởng,She spoke with confidence.,FALSE,1493,57.44,55
industrial,1347,B1,adj,/ˌɪndˈʌstɹiəl/,thuộc công nghiệp,This is an industrial area.,FALSE,1494,57.42,55
complain,1348,B1,v,/kəmplˈeɪn/,"phàn nàn, than phiền",He complained about the noise.,FALSE,1495,57.42,55
perspective,1349,B1,n,/pɚspˈɛktɪv/,"góc nhìn, quan điểm",Try to see my perspective.,FALSE,1496,57.42,55
error,1350,B1,n,/ˈɛɹɚ/,"lỗi, sai sót",There is an error in the report.,FALSE,1497,57.42,55
arrest,1351,B1,v,/ɚˈɛst/,bắt giữ,The police arrested the thief.,FALSE,1498,57.42,55
assess,1352,B1,v,/əsˈɛs/,đánh giá,The teacher assessed our work.,FALSE,1499,57.41,55
register,1353,B1,v,/ɹˈɛdʒɪstɚ/,đăng ký,Please register for the course.,FALSE,1500,57.4,55
asset,1354,B1,n,/ˈæsˌɛt/,tài sản,Her main asset is patience.,FALSE,1501,57.4,55
signal,1355,B1,n,/sˈɪɡnəl/,tín hiệu,The phone signal is weak.,FALSE,1502,57.39,55
finger,1356,B1,n,/fˈɪŋɡɚ/,ngón tay,She cut her finger.,TRUE,1503,57.38,55
relevant,1357,B1,adj,/ɹˈɛləvənt/,"liên quan, thích hợp",Please give relevant examples.,FALSE,1504,57.38,55
explore,1358,B1,v,/ɪksplˈɔɹ/,khám phá,We explored the old town.,FALSE,1505,57.37,55
leadership,1359,B1,n,/lˈidɚʃˌɪp/,sự lãnh đạo,The team needs strong leadership.,FALSE,1506,57.37,55
commitment,1360,B1,n,/kəmˈɪtmənt/,sự cam kết,She showed great commitment.,FALSE,1507,57.36,54
wake,1361,B1,v,/wˈeɪk/,thức dậy; đánh thức,I wake up at six every day.,FALSE,1508,57.36,54
necessarily,1362,B1,adv,/nˌɛsəsˈɛɹəli/,nhất thiết,This is not necessarily true.,FALSE,1509,57.35,54
bright,1363,B1,adj,/bɹˈaɪt/,sáng; thông minh,The room is bright and clean.,FALSE,1510,57.34,54
frame,1364,B1,n,/fɹˈeɪm/,khung,The photo is in a wooden frame.,TRUE,1511,57.34,54
slowly,1365,B1,adv,/slˈoʊli/,chậm rãi,Please speak more slowly.,FALSE,1512,57.34,54
bond,1366,B1,n,/bˈɑnd/,mối liên kết; trái phiếu,There is a strong bond between them.,FALSE,1513,57.34,54
hire,1367,B1,v,/hˈaɪɚ/,thuê (người/xe),They hired a new teacher.,FALSE,1514,57.34,54
hole,1368,B1,n,/hˈoʊl/,cái lỗ,There is a hole in my sock.,TRUE,1515,57.33,54
tie,1369,B1,n,/tˈaɪ/,cà vạt; sự ràng buộc,He wore a blue tie.,TRUE,1516,57.33,54
internal,1370,B1,adj,/ˌɪntˈɝnəl/,"bên trong, nội bộ",This is an internal report.,FALSE,1517,57.33,54
chain,1371,B1,n,/tʃˈeɪn/,dây xích; chuỗi,The dog is on a chain.,TRUE,1518,57.32,54
literature,1372,B1,n,/lˈɪtɚətʃɚ/,văn học,She studies English literature.,FALSE,1519,57.29,54
victim,1373,B1,n,/vˈɪktəm/,nạn nhân,The flood victims needed help.,FALSE,1520,57.29,54
threaten,1374,B1,v,/θɹˈɛtən/,đe dọa,The storm threatened the coast.,FALSE,1521,57.28,53
division,1375,B1,n,/dɪvˈɪʒən/,sự phân chia; bộ phận,The company has three divisions.,FALSE,1522,57.28,53
secure,1376,B1,adj,/sɪkjˈʊɹ/,an toàn; chắc chắn,Keep your password secure.,FALSE,1523,57.27,53
amaze,1377,B1,v,/əmˈeɪz/,làm kinh ngạc,Her talent amazes everyone.,FALSE,1524,57.27,53
device,1378,B1,n,/dɪvˈaɪs/,thiết bị,This is a useful device.,TRUE,1525,57.26,53
birth,1379,B1,n,/bˈɝθ/,"sự sinh, sự ra đời",The baby's birth was celebrated.,FALSE,1526,57.26,53
forest,1380,B1,n,/fˈɔɹəst/,rừng,Many animals live in the forest.,TRUE,1527,57.26,53
label,1381,B1,n,/lˈeɪbəl/,"nhãn, mác",Read the label before use.,TRUE,1528,57.26,53
root,1382,B1,n,/ɹˈut/,rễ (cây); gốc,The tree has deep roots.,TRUE,1529,57.26,53
factory,1383,B1,n,/fˈæktɚi/,nhà máy,She works in a shoe factory.,TRUE,1530,57.25,53
expense,1384,B1,n,/ɪkspˈɛns/,chi phí,Travel expenses are high.,FALSE,1531,57.25,53
channel,1385,B1,n,/tʃˈænəl/,kênh (truyền hình); kênh dẫn,Change the TV channel.,FALSE,1532,57.25,53
investigate,1386,B1,v,/ˌɪnvˈɛstəɡˌeɪt/,điều tra,The police investigated the case.,FALSE,1533,57.25,53
recommendation,1387,B1,n,/ɹˌɛkəməndˈeɪʃən/,"lời giới thiệu, khuyến nghị",She gave a strong recommendation.,FALSE,1534,57.24,53
rank,1388,B1,n,/ɹˈæŋk/,cấp bậc; thứ hạng,He holds a high rank.,FALSE,1535,57.23,53
typical,1389,B1,adj,/tˈɪpəkəl/,"điển hình, tiêu biểu",This is a typical winter day.,FALSE,1536,57.23,53
west,1390,B1,n,/wˈɛst/,phía tây,The sun sets in the west.,FALSE,1537,57.23,53
friendly,1391,B1,adj,/fɹˈɛndli/,thân thiện,The staff are very friendly.,FALSE,1538,57.23,53
resident,1392,B1,n,/ɹˈɛzɪdənt/,"cư dân, người ở",The residents love the park.,FALSE,1539,57.23,53
provision,1393,B1,n,/pɹəvˈɪʒən/,sự cung cấp; điều khoản,The provision of food is important.,FALSE,1540,57.23,53
concentrate,1394,B1,v,/kˈɑnsəntɹˌeɪt/,tập trung,I can't concentrate with this noise.,FALSE,1541,57.22,53
export,1395,B1,v,/ˈɛkspɔɹt/,xuất khẩu,They export rice to many countries.,FALSE,1543,57.21,53
entirely,1396,B1,adv,/ɪntˈaɪɚli/,hoàn toàn,I am entirely satisfied.,FALSE,1544,57.21,53
strongly,1397,B1,adv,/stɹˈɔŋli/,mạnh mẽ,I strongly agree with you.,FALSE,1545,57.21,53
bridge,1398,B1,n,/bɹˈɪdʒ/,cây cầu,They built a new bridge.,TRUE,1546,57.2,53
consist,1399,B1,v,/kənsˈɪst/,"bao gồm, gồm có",The team consists of five people.,FALSE,1547,57.2,52
graduate,1400,B1,v,/ɡɹˈædʒəwət/,tốt nghiệp,She will graduate next year.,FALSE,1548,57.2,52
brand,1401,B1,n,/bɹˈænd/,"nhãn hiệu, thương hiệu",This is a famous shoe brand.,FALSE,1549,57.19,52
moral,1402,B1,adj,/mˈɔɹəl/,thuộc đạo đức,It is a moral question.,FALSE,1550,57.18,52
insist,1403,B1,v,/ˌɪnsˈɪst/,"khăng khăng, nài nỉ",She insisted on paying.,FALSE,1551,57.17,52
combination,1404,B1,n,/kˌɑmbənˈeɪʃən/,sự kết hợp,Try a combination of colors.,FALSE,1552,57.17,52
abuse,1405,B1,n,/əbjˈus/,"sự lạm dụng, ngược đãi",Drug abuse is a serious problem.,FALSE,1553,57.17,52
ice,1406,B1,n,/ˈaɪs/,"nước đá, băng",Add some ice to my drink.,TRUE,1554,57.16,52
principal,1407,B1,n,/pɹˈɪnsəpəl/,hiệu trưởng,The principal spoke to the students.,FALSE,1555,57.16,52
master,1408,B1,v,/mˈæstɚ/,"tinh thông, làm chủ",She mastered three languages.,FALSE,1556,57.16,52
definitely,1409,B1,adv,/dˈɛfənətli/,"chắc chắn, nhất định",I will definitely come.,FALSE,1557,57.16,52
session,1410,B1,n,/sˈɛʃən/,buổi (họp/học),The training session lasts an hour.,FALSE,1558,57.16,52
grade,1411,B1,n,/ɡɹˈeɪd/,điểm; lớp; loại,She got a good grade.,FALSE,1559,57.16,52
predict,1412,B1,v,/pɹɪdˈɪkt/,dự đoán,Nobody can predict the future.,FALSE,1561,57.15,52
previously,1413,B1,adv,/pɹˈiviəsli/,trước đây,She previously worked here.,FALSE,1562,57.14,52
protection,1414,B1,n,/pɹətˈɛkʃən/,sự bảo vệ,Wear a hat for sun protection.,FALSE,1563,57.14,52
largely,1415,B1,adv,/lˈɑɹdʒli/,"phần lớn, chủ yếu",The plan was largely successful.,FALSE,1564,57.14,52
wed,1416,B1,v,/wˈɛd/,"kết hôn, cưới",They wed in a small church.,FALSE,1565,57.13,52
rent,1417,B1,v,/ɹˈɛnt/,thuê; cho thuê,We rent a small apartment.,FALSE,1566,57.13,52
shot,1418,B1,n,/ʃˈɑt/,phát bắn; cú sút; mũi tiêm,He scored with a great shot.,FALSE,1567,57.12,52
appearance,1419,B1,n,/əpˈɪɹəns/,vẻ ngoài; sự xuất hiện,Don't judge by appearance.,FALSE,1568,57.12,52
reasonable,1420,B1,adj,/ɹˈizənəbəl/,hợp lý; phải chăng,The price is reasonable.,FALSE,1569,57.12,52
guarantee,1421,B1,v,/ɡˌɛɹəntˈi/,"đảm bảo, bảo hành",We guarantee the product for a year.,FALSE,1570,57.12,52
theme,1422,B1,n,/θˈim/,chủ đề (chính),The theme of the party is space.,FALSE,1572,57.11,51
judgment,1423,B1,n,/dʒˈʌdʒmənt/,sự phán xét; phán quyết,Use your own judgment.,FALSE,1573,57.11,51
odd,1424,B1,adj,/ˈɑd/,kỳ lạ; lẻ,That is an odd number.,FALSE,1574,57.11,51
approve,1425,B1,v,/əpɹˈuv/,"chấp thuận, phê duyệt",The manager approved the plan.,FALSE,1575,57.1,51
loan,1426,B1,n,/lˈoʊn/,khoản vay,She took out a bank loan.,FALSE,1576,57.1,51
definition,1427,B1,n,/dˌɛfənˈɪʃən/,định nghĩa,Look up the definition of this word.,FALSE,1577,57.1,51
elect,1428,B1,v,/ɪlˈɛkt/,"bầu, bầu chọn",They elected a new leader.,FALSE,1578,57.09,51
atmosphere,1429,B1,n,/ˈætməsfˌɪɹ/,bầu không khí; khí quyển,The cafe has a nice atmosphere.,FALSE,1579,57.08,51
farmer,1430,B1,n,/fˈɑɹmɚ/,nông dân,The farmer grows rice.,TRUE,1580,57.08,51
comparison,1431,B1,n,/kəmpˈɛɹəsən/,sự so sánh,Make a comparison of the two.,FALSE,1581,57.07,51
characteristic,1432,B1,n,/kˌɛɹəktɚˈɪstɪk/,"đặc điểm, đặc tính",Kindness is her main characteristic.,FALSE,1582,57.07,51
license,1433,B1,n,/lˈaɪsəns/,giấy phép; bằng lái,He has a driver's license.,TRUE,1583,57.07,51
rely,1434,B1,v,/ɹɪlˈaɪ/,"dựa vào, tin cậy",I rely on my friends.,FALSE,1584,57.07,51
narrow,1435,B1,adj,/nˈɛɹoʊ/,hẹp,The street is very narrow.,FALSE,1585,57.07,51
succeed,1436,B1,v,/səksˈid/,thành công,She succeeded in her career.,FALSE,1586,57.06,51
identity,1437,B1,n,/aɪdˈɛntɪtˌi/,danh tính; bản sắc,Please prove your identity.,FALSE,1587,57.06,51
desk,1438,B1,n,/dˈɛsk/,bàn làm việc,My laptop is on the desk.,TRUE,1588,57.05,51
permit,1439,B1,v,/pɚmˈɪt/,cho phép,Smoking is not permitted here.,FALSE,1589,57.04,51
seriously,1440,B1,adv,/sˈɪɹiəsli/,nghiêm túc; nghiêm trọng,Take this warning seriously.,FALSE,1590,57.04,51
wild,1441,B1,adj,/wˈaɪld/,hoang dã; dại,Wild animals live in the forest.,FALSE,1591,57.03,51
empty,1442,B1,adj,/ˈɛmpti/,"trống, rỗng",The bottle is empty.,FALSE,1592,57.03,50
commission,1443,B1,n,/kəmˈɪʃən/,hoa hồng; ủy ban,She earns a sales commission.,FALSE,1593,57.02,50
unique,1444,B1,adj,/junˈik/,"độc nhất, duy nhất",Each person is unique.,FALSE,1594,57.02,50
association,1445,B1,n,/əsˌoʊsiˈeɪʃən/,"hội, hiệp hội; sự liên kết",He joined a sports association.,FALSE,1595,57.01,50
instrument,1446,B1,n,/ˈɪnstɹəmənt/,nhạc cụ; dụng cụ,The violin is a musical instrument.,TRUE,1596,57.01,50
investor,1447,B1,n,/ˌɪnvˈɛstɚ/,nhà đầu tư,The company found new investors.,FALSE,1597,57.01,50
practical,1448,B1,adj,/pɹˈæktəkəl/,"thực tế, thiết thực",She gave me practical advice.,FALSE,1598,57.01,50
tea,1449,B1,n,/tˈi/,trà,Would you like a cup of tea?,TRUE,1599,57,50
lovely,1450,B1,adj,/lˈʌvli/,"đáng yêu, dễ thương",What a lovely day!,FALSE,1600,56.99,50
soft,1451,B1,adj,/sˈɑft/,mềm; nhẹ nhàng,The pillow is very soft.,FALSE,1601,56.99,50
row,1452,B1,n,/ɹˈoʊ/,"hàng, dãy",We sat in the front row.,FALSE,1602,56.99,50
youth,1453,B1,n,/jˈuθ/,tuổi trẻ; thanh niên,He was a great player in his youth.,FALSE,1603,56.99,50
lock,1454,B1,v,/lˈɑk/,khóa,Lock the door before you leave.,FALSE,1604,56.98,50
fuel,1455,B1,n,/fjˈuəl/,nhiên liệu,The car is low on fuel.,TRUE,1605,56.98,50
expectation,1456,B1,n,/ˌɛkspɛktˈeɪʃən/,"sự mong đợi, kỳ vọng",The result met our expectations.,FALSE,1606,56.98,50
employment,1457,B1,n,/ɛmplˈɔɪmənt/,"việc làm, sự tuyển dụng",She is looking for employment.,FALSE,1607,56.98,50
celebrate,1458,B1,v,/sˈɛləbɹˌeɪt/,"kỷ niệm, ăn mừng",We celebrated her birthday.,FALSE,1608,56.97,50
sexual,1459,B1,adj,/sˈɛkʃuəl/,"thuộc giới tính, tình dục",This is a sexual health class.,FALSE,1609,56.97,50
shoulder,1460,B1,n,/ʃˈoʊldɚ/,vai,He carried the bag on his shoulder.,TRUE,1610,56.96,50
breath,1461,B1,n,/bɹˈɛθ/,hơi thở,Take a deep breath.,FALSE,1611,56.96,50
increasingly,1462,B1,adv,/ɪnkɹˈisɪŋli/,ngày càng,It is increasingly difficult.,FALSE,1612,56.96,50
import,1463,B1,v,/ˌɪmpˈɔɹt/,nhập khẩu,They import cars from Japan.,FALSE,1613,56.95,50
bottle,1464,B1,n,/bˈɑtəl/,cái chai,I drink a bottle of water daily.,TRUE,1614,56.95,50
sheet,1465,B1,n,/ʃˈit/,tờ (giấy); tấm; ga giường,Give me a sheet of paper.,TRUE,1616,56.94,49
engine,1466,B1,n,/ˈɛndʒən/,"động cơ, máy",The car engine is broken.,TRUE,1617,56.94,49
cast,1467,B1,v,/kˈæst/,chọn vai; ném; đúc,She was cast in the main role.,FALSE,1618,56.93,49
notion,1468,B1,n,/nˈoʊʃən/,"ý niệm, quan niệm",I have no notion of the time.,FALSE,1619,56.93,49
conservative,1469,B1,adj,/kənsˈɝvətɪv/,bảo thủ; thận trọng,He has conservative views.,FALSE,1620,56.93,49
journey,1470,B1,n,/dʒˈɝni/,cuộc hành trình,It was a long journey home.,FALSE,1621,56.92,49
opposition,1471,B1,n,/ˌɑpəzˈɪʃən/,sự phản đối; phe đối lập,There was strong opposition.,FALSE,1622,56.92,49
relief,1472,B1,n,/ɹɪlˈif/,sự nhẹ nhõm; sự cứu trợ,It was a great relief to finish.,FALSE,1623,56.92,49
debt,1473,B1,n,/dˈɛt/,"nợ, khoản nợ",He is deep in debt.,FALSE,1624,56.92,49
honor,1474,B1,n,/ˈɑnɚ/,danh dự; vinh dự,It is an honor to meet you.,FALSE,1625,56.91,49
outcome,1475,B1,n,/ˈaʊtkˌʌm/,kết quả,What was the outcome of the game?,FALSE,1626,56.89,49
blame,1476,B1,v,/blˈeɪm/,"đổ lỗi, trách",Don't blame yourself.,FALSE,1627,56.89,49
explanation,1477,B1,n,/ˌɛksplənˈeɪʃən/,lời giải thích,I need a clear explanation.,FALSE,1628,56.89,49
arise,1478,B1,v,/ɚˈaɪz/,"nảy sinh, phát sinh",Problems may arise later.,FALSE,1629,56.89,49
musical,1479,B1,adj,/mjˈuzɪkəl/,thuộc âm nhạc,She has great musical talent.,FALSE,1630,56.88,49
recover,1480,B1,v,/ɹɪkˈʌvɚ/,hồi phục; lấy lại,He recovered from his illness.,FALSE,1631,56.87,49
dad,1481,B1,n,/dˈæd/,bố (thân mật),My dad drives me to school.,FALSE,1632,56.87,49
stretch,1482,B1,v,/stɹˈɛtʃ/,kéo dài; căng ra,Stretch your arms before running.,FALSE,1633,56.87,49
declare,1483,B1,v,/dɪklˈɛɹ/,tuyên bố; khai báo,They declared the results.,FALSE,1634,56.86,49
retire,1484,B1,v,/ɹɪtˈaɪɹ/,nghỉ hưu,My father will retire next year.,FALSE,1635,56.86,48
tiny,1485,B1,adj,/tˈaɪni/,"nhỏ xíu, tí hon",A tiny insect landed on my hand.,FALSE,1636,56.85,48
careful,1486,B1,adj,/kˈɛɹfəl/,cẩn thận,Be careful on the wet floor.,FALSE,1637,56.84,48
suitable,1487,B1,adj,/sˈutəbəl/,"phù hợp, thích hợp",This film is suitable for children.,FALSE,1638,56.84,48
native,1488,B1,adj,/nˈeɪtɪv/,bản địa; bản xứ,English is her native language.,FALSE,1639,56.84,48
fruit,1489,B1,n,/fɹˈut/,"trái cây, quả",I eat fresh fruit every day.,TRUE,1640,56.84,48
analyze,1490,B1,v,/ˈænəlˌaɪz/,phân tích,Let's analyze the results.,FALSE,1641,56.83,48
witness,1491,B1,n,/wˈɪtnəs/,nhân chứng,The witness saw the accident.,FALSE,1642,56.83,48
mail,1492,B1,n,/mˈeɪl/,"thư từ, bưu phẩm",The mail arrives at noon.,TRUE,1643,56.83,48
terrible,1493,B1,adj,/tˈɛɹəbəl/,"kinh khủng, tồi tệ",The weather is terrible today.,FALSE,1644,56.83,48
researcher,1494,B1,n,/ɹˈisɚtʃɚ/,nhà nghiên cứu,The researcher published a paper.,FALSE,1645,56.82,48
ordinary,1495,B1,adj,/ˈɔɹdənˌɛɹi/,"bình thường, thông thường",It was just an ordinary day.,FALSE,1646,56.8,48
selection,1496,B1,n,/səlˈɛkʃən/,sự lựa chọn; tuyển tập,The shop has a good selection.,FALSE,1647,56.78,48
mental,1497,B1,adj,/mˈɛntəl/,"thuộc tinh thần, trí óc",Mental health is important.,FALSE,1649,56.78,48
participant,1498,B1,n,/pɑɹtˈɪsəpənt/,người tham gia,Each participant got a prize.,FALSE,1650,56.77,48
vision,1499,B1,n,/vˈɪʒən/,tầm nhìn; thị lực,She has a clear vision for the future.,FALSE,1651,56.76,47
personality,1500,B1,n,/pˌɝsənˈælɪti/,"tính cách, cá tính",He has a friendly personality.,FALSE,1652,56.76,47
specifically,1501,B2,adv,/spəsˈɪfɪkli/,"cụ thể, đặc biệt là",This book is specifically for beginners.,FALSE,1653,56.76,47
fat,1502,B2,adj,/fˈæt/,"béo, mập",The cat is quite fat.,FALSE,1654,56.75,47
entry,1503,B2,n,/ˈɛntɹi/,lối vào; mục ghi,The entry is on the left.,FALSE,1655,56.75,47
fellow,1504,B2,n,/fˈɛloʊ/,"người bạn, anh chàng",He is a friendly fellow.,FALSE,1656,56.75,47
chemical,1505,B2,n,/kˈɛməkəl/,hóa chất,This chemical is dangerous.,TRUE,1657,56.75,47
capture,1506,B2,v,/kˈæptʃɚ/,bắt giữ; ghi lại,The camera captured the moment.,FALSE,1658,56.75,47
tip,1507,B2,n,/tˈɪp/,"tiền boa; lời khuyên; đầu, mũi",Here is a useful tip.,FALSE,1659,56.74,47
discount,1508,B2,n,/dɪskˈaʊnt/,sự giảm giá,They offer a student discount.,FALSE,1660,56.74,47
peak,1509,B2,n,/pˈik/,"đỉnh, chóp",We reached the mountain peak.,FALSE,1661,56.74,47
chairman,1510,B2,n,/tʃˈɛɹmən/,chủ tịch,The chairman opened the meeting.,FALSE,1662,56.73,47
proportion,1511,B2,n,/pɹəpˈɔɹʃən/,tỷ lệ; phần,A large proportion agreed.,FALSE,1663,56.73,47
ear,1512,B2,n,/ˈiɹ/,tai,The music hurt my ears.,TRUE,1664,56.72,47
disappear,1513,B2,v,/dˌɪsəpˈɪɹ/,biến mất,The sun disappeared behind clouds.,FALSE,1665,56.71,47
shout,1514,B2,v,/ʃˈaʊt/,"hét, la lớn",Don't shout in the library.,FALSE,1666,56.71,47
yard,1515,B2,n,/jˈɑɹd/,sân; thước Anh,The children play in the yard.,TRUE,1667,56.71,47
constant,1516,B2,adj,/kˈɑnstənt/,liên tục; không đổi,There is constant noise here.,FALSE,1668,56.71,47
significantly,1517,B2,adv,/sɪɡnˈɪfɪkəntli/,đáng kể,Sales rose significantly.,FALSE,1669,56.69,47
hill,1518,B2,n,/hˈɪl/,ngọn đồi,We walked up the hill.,TRUE,1670,56.67,46
considerable,1519,B2,adj,/kənsˈɪdɚəbəl/,"đáng kể, lớn",It took considerable effort.,FALSE,1671,56.67,46
instruction,1520,B2,n,/ˌɪnstɹˈʌkʃən/,"sự hướng dẫn, chỉ dẫn",Follow the instructions carefully.,FALSE,1672,56.67,46
intelligence,1521,B2,n,/ˌɪntˈɛlədʒəns/,trí thông minh,She has high intelligence.,FALSE,1673,56.67,46
ideal,1522,B2,adj,/aɪdˈil/,lý tưởng,This is an ideal place to relax.,FALSE,1674,56.66,46
folk,1523,B2,n,/fˈoʊk/,dân gian; người dân,I like folk music.,FALSE,1675,56.66,46
surely,1524,B2,adv,/ʃˈʊɹli/,chắc chắn,Surely you are joking.,FALSE,1676,56.66,46
guard,1525,B2,n,/ɡˈɑɹd/,"người bảo vệ, lính gác",The guard checked our tickets.,TRUE,1677,56.66,46
cat,1526,B2,n,/kˈæt/,con mèo,The cat is sleeping on the sofa.,TRUE,1678,56.65,46
somewhat,1527,B2,adv,/sˈʌmwˈʌt/,"hơi, phần nào",I am somewhat tired.,FALSE,1679,56.65,46
kiss,1528,B2,v,/kˈɪs/,hôn,She kissed the baby's cheek.,FALSE,1680,56.64,46
presentation,1529,B2,n,/pɹˌɛzəntˈeɪʃən/,bài thuyết trình,I have a presentation tomorrow.,FALSE,1681,56.64,46
joint,1530,B2,adj,/dʒˈɔɪnt/,"chung, liên kết",They made a joint decision.,FALSE,1682,56.64,46
compete,1531,B2,v,/kəmpˈit/,"cạnh tranh, thi đấu",Many teams compete in the match.,FALSE,1683,56.64,46
poll,1532,B2,n,/pˈoʊl/,cuộc thăm dò; cuộc bỏ phiếu,The poll shows strong support.,FALSE,1684,56.64,46
weak,1533,B2,adj,/wˈik/,yếu,The signal here is weak.,FALSE,1685,56.63,46
faith,1534,B2,n,/fˈeɪθ/,"niềm tin, đức tin",I have faith in you.,FALSE,1686,56.63,46
reduction,1535,B2,n,/ɹədˈʌkʃən/,sự giảm bớt,There was a price reduction.,FALSE,1687,56.62,46
reserve,1536,B2,v,/ɹɪzˈɝv/,đặt trước; dự trữ,I reserved a table for two.,FALSE,1688,56.61,46
complaint,1537,B2,n,/kəmplˈeɪnt/,"lời phàn nàn, khiếu nại",They received a customer complaint.,FALSE,1689,56.61,46
bore,1538,B2,v,/bˈɔɹ/,làm chán,The long film bored me.,FALSE,1690,56.6,46
mission,1539,B2,n,/mˈɪʃən/,nhiệm vụ; sứ mệnh,The mission was successful.,FALSE,1691,56.6,46
tone,1540,B2,n,/tˈoʊn/,giọng điệu; sắc thái,Her tone was very polite.,FALSE,1693,56.59,46
neighborhood,1541,B2,n,/nˈeɪbɚhˌʊd/,"khu phố, khu vực lân cận",This is a quiet neighborhood.,FALSE,1694,56.59,46
passenger,1542,B2,n,/pˈæsəndʒɚ/,hành khách,The bus was full of passengers.,FALSE,1695,56.59,46
justice,1543,B2,n,/dʒˈʌstəs/,công lý; sự công bằng,They fought for justice.,FALSE,1696,56.58,46
phase,1544,B2,n,/fˈeɪz/,giai đoạn,We are in the first phase.,FALSE,1697,56.58,46
thin,1545,B2,adj,/θˈɪn/,mỏng; gầy,The ice is too thin to walk on.,FALSE,1698,56.58,46
rush,1546,B2,v,/ɹˈʌʃ/,"vội vàng, hối hả",Don't rush your work.,FALSE,1699,56.58,45
formal,1547,B2,adj,/fˈɔɹməl/,trang trọng; chính thức,Wear formal clothes to the event.,FALSE,1700,56.57,45
religion,1548,B2,n,/ɹɪlˈɪdʒən/,tôn giáo,They respect every religion.,FALSE,1701,56.57,45
employer,1549,B2,n,/ɛmplˈɔɪɚ/,"người chủ, chủ lao động",My employer is very kind.,FALSE,1702,56.57,45
reject,1550,B2,v,/ɹɪdʒˈɛkt/,"từ chối, bác bỏ",They rejected my application.,FALSE,1703,56.56,45
latter,1551,B2,adj,/lˈætɚ/,"cái sau, người sau","Of the two, I prefer the latter.",FALSE,1704,56.56,45
plate,1552,B2,n,/plˈeɪt/,cái đĩa,Put the food on a clean plate.,TRUE,1705,56.56,45
ban,1553,B2,v,/bˈæn/,cấm,They banned smoking indoors.,FALSE,1706,56.55,45
steal,1554,B2,v,/stˈil/,"ăn trộm, lấy cắp",Someone stole my bike.,FALSE,1707,56.55,45
protest,1555,B2,v,/pɹˈoʊtˌɛst/,"phản đối, biểu tình",People protested against the law.,FALSE,1708,56.55,45
index,1556,B2,n,/ˈɪndɛks/,chỉ số; mục lục,Look it up in the index.,FALSE,1709,56.55,45
sad,1557,B2,adj,/sˈæd/,buồn,She felt sad after the news.,FALSE,1710,56.54,45
frequently,1558,B2,adv,/fɹˈikwəntli/,thường xuyên,He frequently visits us.,FALSE,1711,56.54,45
circle,1559,B2,n,/sˈɝkəl/,vòng tròn,Draw a circle on the paper.,TRUE,1712,56.54,45
helpful,1560,B2,adj,/hˈɛlpfəl/,"hữu ích, giúp ích",The staff were very helpful.,FALSE,1713,56.53,45
command,1561,B2,n,/kəmˈænd/,mệnh lệnh; lệnh,The soldier followed the command.,FALSE,1714,56.53,45
attractive,1562,B2,adj,/ətɹˈæktɪv/,"hấp dẫn, thu hút",This is an attractive offer.,FALSE,1715,56.52,45
sick,1563,B2,adj,/sˈɪk/,"ốm, bệnh",She is sick and stayed home.,FALSE,1716,56.52,45
impression,1564,B2,n,/ˌɪmpɹˈɛʃən/,ấn tượng,She made a good impression.,FALSE,1717,56.51,45
unable,1565,B2,adj,/ənˈeɪbəl/,không thể,He was unable to come.,FALSE,1718,56.51,45
joke,1566,B2,n,/dʒˈoʊk/,"trò đùa, câu chuyện cười",He told a funny joke.,FALSE,1719,56.51,45
sky,1567,B2,n,/skˈaɪ/,bầu trời,The sky is clear and blue.,FALSE,1720,56.51,45
column,1568,B2,n,/kˈɑləm/,cột; chuyên mục,Add up the numbers in this column.,FALSE,1721,56.51,45
electronic,1569,B2,adj,/ˌɪlˌɛktɹˈɑnɪk/,thuộc điện tử,This is an electronic device.,FALSE,1722,56.51,45
impose,1570,B2,v,/ˌɪmpˈoʊz/,áp đặt,They imposed a new tax.,FALSE,1723,56.5,45
criminal,1571,B2,n,/kɹˈɪmənəl/,"tội phạm, kẻ phạm tội",The police caught the criminal.,FALSE,1724,56.49,45
properly,1572,B2,adv,/pɹˈɑpɚli/,"đúng cách, đúng đắn",Do the job properly.,FALSE,1726,56.46,44
ancient,1573,B2,adj,/ˈeɪntʃənt/,"cổ xưa, cổ đại",They visited an ancient temple.,FALSE,1727,56.46,44
coast,1574,B2,n,/kˈoʊst/,bờ biển,We drove along the coast.,TRUE,1728,56.45,44
ill,1575,B2,adj,/ˈɪl/,"ốm, bệnh",She has been ill for a week.,FALSE,1729,56.45,44
kick,1576,B2,v,/kˈɪk/,đá,He kicked the ball hard.,FALSE,1730,56.45,44
closely,1577,B2,adv,/klˈoʊsli/,"chặt chẽ, kỹ",Watch the demonstration closely.,FALSE,1731,56.45,44
multiple,1578,B2,adj,/mˈʌltəpəl/,"nhiều, đa",There are multiple choices.,FALSE,1732,56.45,44
yield,1579,B2,v,/jˈild/,sinh ra; nhường,The farm yields a lot of rice.,FALSE,1733,56.44,44
legislation,1580,B2,n,/lˌɛdʒəslˈeɪʃən/,"pháp luật, luật lệ",New legislation was passed.,FALSE,1735,56.44,44
county,1581,B2,n,/kˈaʊnti/,hạt (đơn vị hành chính),They live in a rural county.,FALSE,1736,56.43,44
mobile,1582,B2,adj,/mˈoʊbəl/,di động,I lost my mobile phone.,FALSE,1738,56.42,44
assistant,1583,B2,n,/əsˈɪstənt/,trợ lý,She is the manager's assistant.,FALSE,1739,56.42,44
implement,1584,B2,v,/ˈɪmpləmənt/,"thực hiện, triển khai",They implemented a new rule.,FALSE,1740,56.41,44
chart,1585,B2,n,/tʃˈɑɹt/,biểu đồ,The chart shows the results.,FALSE,1741,56.41,44
attach,1586,B2,v,/ətˈætʃ/,đính kèm; gắn,Please attach the file.,FALSE,1742,56.4,44
hell,1587,B2,n,/hˈɛl/,địa ngục,The journey was pure hell.,FALSE,1743,56.4,44
advise,1588,B2,v,/ædvˈaɪz/,"khuyên, tư vấn",The doctor advised me to rest.,FALSE,1745,56.39,44
household,1589,B2,n,/hˈaʊshˌoʊld/,hộ gia đình,Each household got a letter.,FALSE,1746,56.39,44
acknowledge,1590,B2,v,/æknˈɑlɪdʒ/,thừa nhận; ghi nhận,She acknowledged her mistake.,FALSE,1747,56.39,44
reward,1591,B2,n,/ɹɪwˈɔɹd/,phần thưởng,Hard work brings rewards.,FALSE,1748,56.38,43
east,1592,B2,n,/ˈist/,phía đông,The sun rises in the east.,FALSE,1749,56.38,43
hat,1593,B2,n,/hˈæt/,"cái mũ, nón",He wore a black hat.,TRUE,1750,56.38,43
academic,1594,B2,adj,/ˌækədˈɛmɪk/,thuộc học thuật,She has an academic career.,FALSE,1751,56.37,43
voter,1595,B2,n,/vˈoʊtɚ/,"cử tri, người bỏ phiếu",Voters lined up early.,FALSE,1752,56.37,43
accuse,1596,B2,v,/əkjˈuz/,"buộc tội, cáo buộc",They accused him of lying.,FALSE,1755,56.36,43
scientific,1597,B2,adj,/sˌaɪəntˈɪfɪk/,thuộc khoa học,This is a scientific study.,FALSE,1756,56.35,43
wage,1598,B2,n,/wˈeɪdʒ/,"tiền lương, tiền công",Workers demanded higher wages.,FALSE,1757,56.35,43
absence,1599,B2,n,/ˈæbsəns/,sự vắng mặt,Her absence was noticed.,FALSE,1758,56.35,43
construct,1600,B2,v,/kənstɹˈʌkt/,xây dựng,They constructed a new bridge.,FALSE,1759,56.33,43
remark,1601,B2,n,/ɹɪmˈɑɹk/,lời nhận xét,He made a rude remark.,FALSE,1760,56.33,43
medicine,1602,B2,n,/mˈɛdəsən/,thuốc; y học,Take your medicine after meals.,TRUE,1761,56.33,43
professor,1603,B2,n,/pɹəfˈɛsɚ/,giáo sư,The professor gave a lecture.,FALSE,1762,56.33,43
rare,1604,B2,adj,/ɹˈɛɹ/,"hiếm, hiếm có",This is a rare bird.,FALSE,1763,56.33,43
intention,1605,B2,n,/ˌɪntˈɛntʃən/,ý định,I have no intention of leaving.,FALSE,1764,56.33,43
dozen,1606,B2,n,/dˈʌzən/,tá (mười hai),She bought a dozen eggs.,FALSE,1765,56.32,43
settlement,1607,B2,n,/sˈɛtəlmənt/,khu định cư; sự dàn xếp,They reached a settlement.,FALSE,1766,56.32,43
gap,1608,B2,n,/ɡˈæp/,"khoảng trống, khe hở",There is a gap in the fence.,FALSE,1767,56.32,43
widely,1609,B2,adv,/wˈaɪdli/,rộng rãi,English is widely spoken.,FALSE,1768,56.3,43
minimum,1610,B2,n,/mˈɪnəməm/,mức tối thiểu,This is the minimum price.,FALSE,1769,56.3,43
northern,1611,B2,adj,/nˈɔɹðɚn/,thuộc phía bắc,They live in northern Vietnam.,FALSE,1770,56.3,43
estate,1612,B2,n,/ɪstˈeɪt/,bất động sản; điền trang,He owns a large estate.,FALSE,1771,56.3,43
equally,1613,B2,adv,/ˈikwəli/,"như nhau, ngang nhau",Share the food equally.,FALSE,1772,56.29,43
expose,1614,B2,v,/ɪkspˈoʊz/,phơi bày; tiếp xúc,Don't expose the film to light.,FALSE,1773,56.29,43
alive,1615,B2,adj,/əlˈaɪv/,còn sống,The fish is still alive.,FALSE,1774,56.29,43
shut,1616,B2,v,/ʃˈʌt/,"đóng, khép",Please shut the window.,FALSE,1775,56.28,42
victory,1617,B2,n,/vˈɪktɚi/,chiến thắng,The team celebrated their victory.,FALSE,1776,56.27,42
resolve,1618,B2,v,/ɹizˈɑlv/,giải quyết; quyết tâm,They resolved the conflict.,FALSE,1777,56.27,42
critic,1619,B2,n,/kɹˈɪtɪk/,nhà phê bình,The critic praised the film.,FALSE,1778,56.27,42
variable,1620,B2,n,/vˈɛɹiəbəl/,biến số; yếu tố thay đổi,Temperature is a variable.,FALSE,1779,56.26,42
enormous,1621,B2,adj,/ɪnˈɔɹməs/,"khổng lồ, to lớn",The building is enormous.,FALSE,1780,56.26,42
sweet,1622,B2,adj,/swˈit/,ngọt; dễ thương,This cake is very sweet.,FALSE,1781,56.26,42
permanent,1623,B2,adj,/pˈɝmənənt/,"lâu dài, vĩnh viễn",She got a permanent job.,FALSE,1782,56.25,42
emotion,1624,B2,n,/ɪmˈoʊʃən/,cảm xúc,She hid her emotions.,FALSE,1783,56.25,42
pursue,1625,B2,v,/pɚsˈu/,theo đuổi,He decided to pursue a career in art.,FALSE,1784,56.25,42
tall,1626,B2,adj,/tˈɔl/,cao (chiều cao),He is very tall.,FALSE,1785,56.24,42
urge,1627,B2,v,/ˈɝdʒ/,"thúc giục, khuyên",I urge you to be careful.,FALSE,1786,56.24,42
enemy,1628,B2,n,/ˈɛnəmi/,kẻ thù,They defeated the enemy.,FALSE,1787,56.24,42
appoint,1629,B2,v,/əpˈɔɪnt/,bổ nhiệm; hẹn,They appointed a new manager.,FALSE,1788,56.23,42
milk,1630,B2,n,/mˈɪlk/,sữa,I drink milk every morning.,TRUE,1789,56.23,42
talent,1631,B2,n,/tˈælənt/,tài năng,She has a talent for music.,FALSE,1790,56.23,42
smell,1632,B2,n,/smˈɛl/,mùi,I love the smell of coffee.,FALSE,1791,56.22,42
prior,1633,B2,adj,/pɹˈaɪɚ/,trước; ưu tiên,No prior experience is needed.,FALSE,1792,56.22,42
priority,1634,B2,n,/pɹaɪˈɔɹəti/,sự ưu tiên,Safety is our top priority.,FALSE,1793,56.22,42
online,1635,B2,adj,/ˈɔnlˌaɪn/,trực tuyến,I bought this book online.,FALSE,1794,56.22,42
phrase,1636,B2,n,/fɹˈeɪz/,cụm từ; thành ngữ,Learn this useful phrase.,FALSE,1795,56.19,42
pilot,1637,B2,n,/pˈaɪlət/,phi công,The pilot landed the plane safely.,TRUE,1796,56.19,42
stable,1638,B2,adj,/stˈeɪbəl/,ổn định; vững,His condition is now stable.,FALSE,1797,56.19,42
merely,1639,B2,adv,/mˈɪɹli/,"chỉ, đơn thuần",It is merely a suggestion.,FALSE,1798,56.18,42
resolution,1640,B2,n,/ɹˌɛzəlˈuʃən/,nghị quyết; sự quyết tâm,I made a New Year resolution.,FALSE,1799,56.18,42
communicate,1641,B2,v,/kəmjˈunəkˌeɪt/,"giao tiếp, truyền đạt",We communicate by email.,FALSE,1800,56.18,42
injury,1642,B2,n,/ˈɪndʒɚi/,"vết thương, chấn thương",He suffered a knee injury.,FALSE,1801,56.17,41
vast,1643,B2,adj,/vˈæst/,"rộng lớn, bao la",The desert is vast.,FALSE,1802,56.17,41
exhibition,1644,B2,n,/ˌɛksəbˈɪʃən/,cuộc triển lãm,We saw an art exhibition.,FALSE,1803,56.17,41
producer,1645,B2,n,/pɹədˈusɚ/,nhà sản xuất,He is a film producer.,FALSE,1804,56.17,41
regional,1646,B2,adj,/ɹˈidʒənəl/,"thuộc khu vực, vùng",This is a regional office.,FALSE,1805,56.17,41
immediate,1647,B2,adj,/ˌɪmˈidˌiət/,"tức thì, ngay lập tức",We need an immediate answer.,FALSE,1806,56.16,41
incident,1648,B2,n,/ˈɪnsədənt/,"sự việc, vụ việc",The incident was reported.,FALSE,1807,56.16,41
childhood,1649,B2,n,/tʃˈaɪldhˌʊd/,thời thơ ấu,She had a happy childhood.,FALSE,1808,56.16,41
draft,1650,B2,n,/dɹˈæft/,bản nháp; bản thảo,This is the first draft.,FALSE,1809,56.16,41
slip,1651,B2,v,/slˈɪp/,trượt; tuột,Be careful not to slip.,FALSE,1810,56.16,41
accompany,1652,B2,v,/əkˈʌmpəni/,"đi cùng, hộ tống",I will accompany you home.,FALSE,1811,56.16,41
politician,1653,B2,n,/pˌɑlətˈɪʃən/,chính trị gia,The politician gave a speech.,FALSE,1812,56.15,41
angry,1654,B2,adj,/ˈæŋɡɹi/,tức giận,She was angry at the news.,FALSE,1813,56.15,41
knock,1655,B2,v,/nˈɑk/,gõ (cửa),Someone is knocking at the door.,FALSE,1814,56.15,41
seed,1656,B2,n,/sˈid/,hạt giống,Plant the seeds in spring.,TRUE,1815,56.15,41
salary,1657,B2,n,/sˈælɚi/,tiền lương,She earns a good salary.,FALSE,1816,56.15,41
illustrate,1658,B2,v,/ˈɪləstɹˌeɪt/,minh họa,The book is well illustrated.,FALSE,1817,56.13,41
imply,1659,B2,v,/ˌɪmplˈaɪ/,"ngụ ý, ám chỉ",Her silence implied agreement.,FALSE,1818,56.13,41
breakfast,1660,B2,n,/bɹˈɛkfəst/,bữa sáng,I eat breakfast at seven.,FALSE,1819,56.13,41
temporary,1661,B2,adj,/tˈɛmpɚˌɛɹi/,tạm thời,This is a temporary job.,FALSE,1820,56.12,41
liberal,1662,B2,adj,/lˈɪbˌɝəl/,tự do; phóng khoáng,He holds liberal views.,FALSE,1821,56.12,41
lake,1663,B2,n,/lˈeɪk/,hồ,We swam in the lake.,TRUE,1822,56.11,41
qualify,1664,B2,v,/kwˈɑləfˌaɪ/,đủ điều kiện; vượt qua,She qualified for the final.,FALSE,1823,56.11,41
competitive,1665,B2,adj,/kəmpˈɛtətɪv/,cạnh tranh; có tính đua tranh,The market is very competitive.,FALSE,1824,56.1,41
truly,1666,B2,adv,/tɹˈuli/,thật sự,I am truly grateful.,FALSE,1825,56.09,41
hi,1667,B2,interj,/hˈaɪ/,chào (thân mật),"Hi, how are you?",FALSE,1826,56.08,41
yellow,1668,B2,adj,/jˈɛloʊ/,màu vàng,She wore a yellow dress.,FALSE,1827,56.08,41
habit,1669,B2,n,/hˈæbət/,thói quen,Reading is a good habit.,FALSE,1828,56.08,41
disk,1670,B2,n,/dˈɪsk/,đĩa (lưu trữ),Save the file to the disk.,TRUE,1829,56.08,41
core,1671,B2,n,/kˈɔɹ/,"lõi, cốt lõi",This is the core of the problem.,FALSE,1830,56.08,41
emotional,1672,B2,adj,/ɪmˈoʊʃənəl/,xúc động; đa cảm,It was an emotional moment.,FALSE,1831,56.08,41
aircraft,1673,B2,n,/ˈɛɹkɹˌæft/,"máy bay, phi cơ",The aircraft took off on time.,TRUE,1832,56.07,40
self,1674,B2,n,/sˈɛlf/,"bản thân, cái tôi",Believe in your true self.,FALSE,1833,56.07,40
metal,1675,B2,n,/mˈɛtəl/,kim loại,This box is made of metal.,TRUE,1834,56.07,40
existence,1676,B2,n,/ɛɡzˈɪstəns/,sự tồn tại,They proved the existence of water.,FALSE,1835,56.07,40
bone,1677,B2,n,/bˈoʊn/,xương,The dog buried a bone.,TRUE,1836,56.06,40
panel,1678,B2,n,/pˈænəl/,tấm; ban hội thẩm; bảng điều khiển,The control panel has many buttons.,TRUE,1837,56.05,40
prime,1679,B2,adj,/pɹˈaɪm/,chính yếu; tốt nhất,This is prime farmland.,FALSE,1838,56.05,40
appointment,1680,B2,n,/əpˈɔɪntmənt/,cuộc hẹn,I have a doctor's appointment.,FALSE,1839,56.04,40
emphasize,1681,B2,v,/ˈɛmfəsˌaɪz/,nhấn mạnh,She emphasized the main point.,FALSE,1840,56.03,40
maximum,1682,B2,n,/mˈæksəməm/,mức tối đa,This is the maximum speed.,FALSE,1841,56.03,40
effectively,1683,B2,adv,/ɪfˈɛktɪvli/,một cách hiệu quả,Use your time effectively.,FALSE,1842,56.02,40
elsewhere,1684,B2,adv,/ˈɛlswˌɛɹ/,ở nơi khác,Let's look elsewhere.,FALSE,1843,56.01,40
bother,1685,B2,v,/bˈɑðɚ/,làm phiền; bận tâm,Don't bother her now.,FALSE,1844,56.01,40
initiative,1686,B2,n,/ˌɪnˈɪʃətɪv/,sáng kiến; sự chủ động,She showed great initiative.,FALSE,1845,56.01,40
sharp,1687,B2,adj,/ʃˈɑɹp/,"sắc, bén; sắc sảo","Be careful, the knife is sharp.",FALSE,1846,56.01,40
diet,1688,B2,n,/dˈaɪət/,chế độ ăn,She is on a healthy diet.,FALSE,1847,56,40
motion,1689,B2,n,/mˈoʊʃən/,sự chuyển động; động tác,The gentle motion made me sleepy.,FALSE,1848,56,40
gray,1690,B2,adj,/ɡɹˈeɪ/,màu xám,The sky is gray today.,FALSE,1849,56,40
plastic,1691,B2,n,/plˈæstɪk/,nhựa,This bottle is made of plastic.,TRUE,1850,56,40
complicate,1692,B2,v,/kˈɑmpləkˌeɪt/,làm phức tạp,Don't complicate the plan.,FALSE,1851,55.99,40
discipline,1693,B2,n,/dˈɪsəplən/,kỷ luật,Learning needs discipline.,FALSE,1852,55.99,40
disappoint,1694,B2,v,/dˌɪsəpˈɔɪnt/,làm thất vọng,I don't want to disappoint you.,FALSE,1853,55.99,40
boss,1695,B2,n,/bˈɑs/,"sếp, ông chủ",My boss is very fair.,FALSE,1854,55.98,40
assumption,1696,B2,n,/əsˈʌmpʃən/,giả định,That is a wrong assumption.,FALSE,1855,55.98,40
freeze,1697,B2,v,/fɹˈiz/,đóng băng; làm đông,Water freezes at zero degrees.,FALSE,1856,55.98,40
extreme,1698,B2,adj,/ɛkstɹˈim/,"cực độ, cực đoan",The desert has extreme heat.,FALSE,1857,55.98,40
passage,1699,B2,n,/pˈæsədʒ/,đoạn văn; lối đi,Read the passage carefully.,FALSE,1858,55.98,40
reputation,1700,B2,n,/ɹˌɛpjətˈeɪʃən/,"danh tiếng, tiếng tăm",The school has a good reputation.,FALSE,1859,55.98,40
negotiation,1701,B2,n,/nɪɡˌoʊʃiˈeɪʃən/,sự đàm phán,The negotiation lasted for hours.,FALSE,1861,55.97,40
mechanism,1702,B2,n,/mˈɛkənˌɪzəm/,cơ chế; bộ máy,This is a safety mechanism.,FALSE,1862,55.96,39
coat,1703,B2,n,/kˈoʊt/,áo khoác,Wear a warm coat in winter.,TRUE,1863,55.96,39
democracy,1704,B2,n,/dɪmˈɑkɹəsi/,nền dân chủ,They fought for democracy.,FALSE,1864,55.96,39
pocket,1705,B2,n,/pˈɑkət/,túi (áo/quần),I keep my keys in my pocket.,TRUE,1865,55.96,39
lucky,1706,B2,adj,/lˈʌki/,may mắn,I was lucky to win.,FALSE,1866,55.96,39
crash,1707,B2,n,/kɹˈæʃ/,"vụ va chạm, tai nạn",There was a car crash.,FALSE,1867,55.96,39
observation,1708,B2,n,/ˌɑbzɚvˈeɪʃən/,sự quan sát; nhận xét,She made a sharp observation.,FALSE,1868,55.96,39
meat,1709,B2,n,/mˈit/,thịt,I don't eat much meat.,TRUE,1869,55.95,39
concentration,1710,B2,n,/kˌɑnsəntɹˈeɪʃən/,sự tập trung,The task needs full concentration.,FALSE,1870,55.95,39
implication,1711,B2,n,/ˌɪmpləkˈeɪʃən/,hàm ý; hệ quả,Consider the implications carefully.,FALSE,1871,55.95,39
deserve,1712,B2,v,/dɪzˈɝv/,xứng đáng,You deserve a rest.,FALSE,1872,55.94,39
unusual,1713,B2,adj,/ənjˈuʒˌuəl/,"bất thường, khác thường",It is unusual to see snow here.,FALSE,1873,55.94,39
defend,1714,B2,v,/dɪfˈɛnd/,bảo vệ; phòng thủ,They defended their country.,FALSE,1874,55.94,39
classic,1715,B2,adj,/klˈæsɪk/,"kinh điển, cổ điển",This is a classic film.,FALSE,1875,55.93,39
king,1716,B2,n,/kˈɪŋ/,vua,The king ruled for many years.,FALSE,1876,55.93,39
interaction,1717,B2,n,/ˌɪntɚˈækʃən/,sự tương tác,Class interaction is important.,FALSE,1877,55.92,39
repair,1718,B2,v,/ɹɪpˈɛɹ/,sửa chữa,Can you repair my watch?,FALSE,1878,55.92,39
collapse,1719,B2,v,/kəlˈæps/,sụp đổ; ngã quỵ,The old bridge collapsed.,FALSE,1879,55.92,39
borrow,1720,B2,v,/bˈɑɹˌoʊ/,"mượn, vay",Can I borrow your pen?,FALSE,1880,55.92,39
fundamental,1721,B2,adj,/fˌʌndəmˈɛntəl/,"cơ bản, nền tảng",This is a fundamental rule.,FALSE,1881,55.9,39
dish,1722,B2,n,/dˈɪʃ/,món ăn; cái đĩa,This is a spicy dish.,TRUE,1882,55.89,39
abroad,1723,B2,adv,/əbɹˈɔd/,ở nước ngoài,She studies abroad.,FALSE,1883,55.89,39
soul,1724,B2,n,/sˈoʊl/,"linh hồn, tâm hồn",Music touches the soul.,FALSE,1884,55.89,39
capable,1725,B2,adj,/kˈeɪpəbəl/,có khả năng,She is capable of great things.,FALSE,1885,55.88,39
defeat,1726,B2,v,/dɪfˈit/,đánh bại,They defeated the champions.,FALSE,1886,55.88,39
presidential,1727,B2,adj,/pɹˌɛzədˈɛnʃəl/,thuộc tổng thống,The presidential election is soon.,FALSE,1887,55.87,39
perfectly,1728,B2,adv,/pˈɝfəktli/,"hoàn hảo, hoàn toàn",The dress fits perfectly.,FALSE,1888,55.87,39
enhance,1729,B2,v,/ɛnhˈæns/,"nâng cao, tăng cường",This tool enhances learning.,FALSE,1889,55.87,39
proud,1730,B2,adj,/pɹˈaʊd/,"tự hào, hãnh diện",I am proud of you.,FALSE,1890,55.87,39
emergency,1731,B2,n,/ɪmˈɝdʒənsi/,trường hợp khẩn cấp,Call this number in an emergency.,FALSE,1891,55.87,39
educational,1732,B2,adj,/ˌɛdʒəkˈeɪʃənəl/,thuộc giáo dục,This is an educational game.,FALSE,1892,55.87,39
distinguish,1733,B2,v,/dɪstˈɪŋɡwɪʃ/,phân biệt,Can you distinguish the two colors?,FALSE,1893,55.86,39
substantial,1734,B2,adj,/səbstˈænʃəl/,"đáng kể, lớn",They made a substantial profit.,FALSE,1894,55.86,39
nearby,1735,B2,adj,/nˈɪɹbˈaɪ/,"gần đó, lân cận",There is a shop nearby.,FALSE,1895,55.85,38
manufacturer,1736,B2,n,/mˌænjəfˈæktʃɚɚ/,nhà sản xuất,The manufacturer offers a warranty.,FALSE,1896,55.85,38
slide,1737,B2,v,/slˈaɪd/,trượt,The children slide down the hill.,FALSE,1897,55.85,38
valuable,1738,B2,adj,/vˈæljəbəl/,"quý giá, có giá trị",This is valuable advice.,FALSE,1898,55.85,38
personally,1739,B2,adv,/pˈɝsənəli/,"cá nhân, đích thân","Personally, I disagree.",FALSE,1899,55.85,38
breast,1740,B2,n,/bɹˈɛst/,ngực; ức,The nurse checked her breast.,TRUE,1900,55.85,38
cope,1741,B2,v,/kˈoʊp/,"đối phó, xoay xở",She copes well with stress.,FALSE,1901,55.83,38
approximately,1742,B2,adv,/əpɹˈɑksəmətli/,"khoảng, xấp xỉ",It costs approximately ten dollars.,FALSE,1902,55.83,38
accommodation,1743,B2,n,/əkˌɑmədˈeɪʃən/,chỗ ở,The hotel offers cheap accommodation.,FALSE,1903,55.83,38
highlight,1744,B2,v,/hˈaɪlˌaɪt/,làm nổi bật; tô sáng,Highlight the key words.,FALSE,1904,55.83,38
reporter,1745,B2,n,/ɹɪpˈɔɹtɚ/,phóng viên,The reporter asked many questions.,FALSE,1905,55.83,38
climate,1746,B2,n,/klˈaɪmət/,khí hậu,The climate here is warm.,FALSE,1906,55.83,38
shirt,1747,B2,n,/ʃˈɝt/,áo sơ mi,He ironed his white shirt.,TRUE,1907,55.82,38
exception,1748,B2,n,/ɪksˈɛpʃən/,ngoại lệ,"Everyone must attend, no exceptions.",FALSE,1908,55.82,38
corporation,1749,B2,n,/kˌɔɹpɚˈeɪʃən/,"tập đoàn, công ty lớn",She works for a big corporation.,FALSE,1909,55.82,38
chip,1750,B2,n,/tʃˈɪp/,con chip; miếng nhỏ,The computer chip is tiny.,TRUE,1910,55.81,38
winner,1751,B2,n,/wˈɪnɚ/,người thắng cuộc,She was the winner of the race.,FALSE,1911,55.81,38
encounter,1752,B2,v,/ɪnkˈaʊntɚ/,"gặp phải, chạm trán",We encountered some problems.,FALSE,1912,55.81,38
brown,1753,B2,adj,/bɹˈaʊn/,màu nâu,He has brown eyes.,FALSE,1913,55.81,38
breathe,1754,B2,v,/bɹˈið/,"thở, hít thở",Breathe slowly and relax.,FALSE,1914,55.81,38
excuse,1755,B2,n,/ɪkskjˈus/,"lời bào chữa, lý do",That is a poor excuse.,FALSE,1915,55.8,38
partly,1756,B2,adv,/pˈɑɹtli/,một phần,The sky is partly cloudy.,FALSE,1916,55.8,38
tennis,1757,B2,n,/tˈɛnəs/,quần vợt,They play tennis on Sundays.,FALSE,1917,55.79,38
urban,1758,B2,adj,/ˈɝbən/,thuộc đô thị,Urban life is very fast.,FALSE,1918,55.79,38
confuse,1759,B2,v,/kənfjˈuz/,"làm bối rối, nhầm lẫn",The signs confused the drivers.,FALSE,1919,55.79,38
southern,1760,B2,adj,/sˈʌðɚn/,thuộc phía nam,She lives in southern France.,FALSE,1920,55.79,38
output,1761,B2,n,/ˈaʊtpˌʊt/,sản lượng; đầu ra,The factory increased its output.,FALSE,1921,55.79,38
beauty,1762,B2,n,/bjˈuti/,"vẻ đẹp, sắc đẹp",The beauty of the lake amazed us.,FALSE,1922,55.79,38
massive,1763,B2,adj,/mˈæsɪv/,"đồ sộ, khổng lồ",It was a massive building.,FALSE,1923,55.79,38
install,1764,B2,v,/ˌɪnstˈɔl/,lắp đặt; cài đặt,They installed a new system.,FALSE,1924,55.78,38
calculate,1765,B2,v,/kˈælkjəlˌeɪt/,tính toán,Calculate the total cost.,FALSE,1925,55.78,38
mouse,1766,B2,n,/mˈaʊs/,con chuột; chuột máy tính,The mouse ran under the table.,TRUE,1926,55.78,38
mathematics,1767,B2,n,/mˌæθəmˈætɪks/,toán học,He teaches mathematics.,FALSE,1927,55.77,38
upper,1768,B2,adj,/ˈʌpɚ/,"trên, phía trên",The books are on the upper shelf.,FALSE,1928,55.77,38
creation,1769,B2,n,/kɹiˈeɪʃən/,"sự sáng tạo, tạo ra",This app is her creation.,FALSE,1929,55.76,38
occupy,1770,B2,v,/ˈɑkjəpˌaɪ/,chiếm; chiếm giữ,Reading occupies my free time.,FALSE,1930,55.76,38
outline,1771,B2,n,/ˈaʊtlˌaɪn/,dàn ý; đường viền,Write an outline first.,FALSE,1931,55.76,38
sufficient,1772,B2,adj,/səfˈɪʃənt/,"đủ, đầy đủ",We have sufficient time.,FALSE,1932,55.76,38
update,1773,B2,v,/əpdˈeɪt/,cập nhật,Please update the software.,FALSE,1933,55.76,38
luck,1774,B2,n,/lˈʌk/,sự may mắn,Good luck on your test!,FALSE,1934,55.75,38
preserve,1775,B2,v,/pɹəzˈɝv/,"bảo tồn, giữ gìn",We must preserve nature.,FALSE,1935,55.75,38
split,1776,B2,v,/splˈɪt/,"chia, tách",Let's split the bill.,FALSE,1936,55.75,38
swing,1777,B2,v,/swˈɪŋ/,"đung đưa, vung",The children swing in the park.,FALSE,1937,55.75,38
illness,1778,B2,n,/ˈɪlnəs/,"bệnh, sự ốm đau",She recovered from a long illness.,FALSE,1938,55.75,38
journalist,1779,B2,n,/dʒˈɝnələst/,nhà báo,The journalist wrote a report.,FALSE,1939,55.75,38
sudden,1780,B2,adj,/sˈʌdən/,"đột ngột, bất ngờ",There was a sudden change.,FALSE,1940,55.75,38
advertisement,1781,B2,n,/ædvˈɝtəzmənt/,quảng cáo,I saw an advertisement for the job.,FALSE,1941,55.74,38
consistent,1782,B2,adj,/kənsˈɪstənt/,"nhất quán, kiên định",Her work is very consistent.,FALSE,1942,55.74,38
originally,1783,B2,adv,/ɚˈɪdʒənəli/,"ban đầu, vốn dĩ",She originally came from Hue.,FALSE,1943,55.73,37
aside,1784,B2,adv,/əsˈaɪd/,sang một bên,"Step aside, please.",FALSE,1944,55.73,37
comfort,1785,B2,n,/kˈʌmfɚt/,sự thoải mái; niềm an ủi,The chair gives great comfort.,FALSE,1945,55.71,37
secondly,1786,B2,adv,/sˈɛkəndli/,thứ hai (là),"Secondly, we need more time.",FALSE,1946,55.71,37
severe,1787,B2,adj,/səvˈɪɹ/,nghiêm trọng; khắc nghiệt,The storm was severe.,FALSE,1947,55.7,37
gene,1788,B2,n,/dʒˈin/,gen (di truyền),This gene causes eye color.,FALSE,1948,55.7,37
prospect,1789,B2,n,/pɹˈɑspɛkt/,"triển vọng, viễn cảnh",The job has good prospects.,FALSE,1949,55.7,37
snow,1790,B2,n,/snˈoʊ/,tuyết,The snow covered the ground.,FALSE,1950,55.7,37
plot,1791,B2,n,/plˈɑt/,cốt truyện; âm mưu; mảnh đất,The film has a great plot.,FALSE,1951,55.7,37
neck,1792,B2,n,/nˈɛk/,cổ,She wore a scarf around her neck.,TRUE,1952,55.69,37
criteria,1793,B2,n,/kɹaɪtˈɪɹiə/,tiêu chí,The judges use strict criteria.,FALSE,1953,55.67,37
primarily,1794,B2,adv,/pɹaɪmˈɛɹəli/,chủ yếu,The book is primarily for students.,FALSE,1954,55.67,37
integrate,1795,B2,v,/ˈɪntəɡɹˌeɪt/,"tích hợp, hòa nhập",The system integrates two apps.,FALSE,1955,55.67,37
criticism,1796,B2,n,/kɹˈɪtɪsˌɪzəm/,"sự chỉ trích, phê bình",She accepted the criticism.,FALSE,1956,55.66,37
convention,1797,B2,n,/kənvˈɛnʃən/,hội nghị; quy ước,They attended a business convention.,FALSE,1957,55.66,37
bet,1798,B2,v,/bˈɛt/,cá cược,I bet you can't guess.,FALSE,1958,55.66,37
retain,1799,B2,v,/ɹɪtˈeɪn/,giữ lại,The soil retains water well.,FALSE,1959,55.66,37
sequence,1800,B2,n,/sˈikwəns/,"trình tự, chuỗi",Put the steps in the right sequence.,FALSE,1960,55.66,37
plain,1801,B2,adj,/plˈeɪn/,đơn giản; trơn; rõ ràng,She wore a plain white shirt.,FALSE,1961,55.65,37
volunteer,1802,B2,n,/vˌɑləntˈɪɹ/,tình nguyện viên,She works as a volunteer.,FALSE,1962,55.64,37
rural,1803,B2,adj,/ɹˈʊɹəl/,thuộc nông thôn,They live in a rural area.,FALSE,1963,55.64,37
calm,1804,B2,adj,/kˈɑm/,bình tĩnh; yên lặng,Stay calm during the test.,FALSE,1964,55.64,37
abandon,1805,B2,v,/əbˈændən/,"từ bỏ, bỏ rơi",They abandoned the old house.,FALSE,1965,55.64,37
examination,1806,B2,n,/ɪɡzˌæmənˈeɪʃən/,kỳ thi; sự kiểm tra,The medical examination was quick.,FALSE,1966,55.64,37
silence,1807,B2,n,/sˈaɪləns/,sự im lặng,There was a long silence.,FALSE,1967,55.64,37
rapidly,1808,B2,adv,/ɹˈæpədli/,nhanh chóng,The city is growing rapidly.,FALSE,1968,55.63,37
efficient,1809,B2,adj,/ɪfˈɪʃənt/,hiệu quả,This is an efficient method.,FALSE,1969,55.62,37
revolution,1810,B2,n,/ɹˌɛvəlˈuʃən/,cuộc cách mạng,The industrial revolution changed life.,FALSE,1970,55.62,36
delight,1811,B2,n,/dɪlˈaɪt/,niềm vui thích,The gift brought her delight.,FALSE,1971,55.62,36
spell,1812,B2,v,/spˈɛl/,đánh vần,Can you spell your name?,FALSE,1972,55.61,36
premise,1813,B2,n,/pɹˈɛmɪs/,tiền đề; cơ sở,The argument is based on a false premise.,FALSE,1973,55.61,36
lean,1814,B2,v,/lˈin/,dựa; nghiêng,Don't lean on the wall.,FALSE,1974,55.6,36
dramatic,1815,B2,adj,/dɹəmˈætɪk/,kịch tính; đột ngột,There was a dramatic change.,FALSE,1975,55.6,36
differ,1816,B2,v,/dˈɪfɚ/,khác nhau,Our opinions differ.,FALSE,1976,55.59,36
grateful,1817,B2,adj,/ɡɹˈeɪtfəl/,biết ơn,I am grateful for your help.,FALSE,1977,55.59,36
protein,1818,B2,n,/pɹˈoʊtˌin/,"chất đạm, protein",Eggs are rich in protein.,FALSE,1978,55.59,36
bike,1819,B2,n,/bˈaɪk/,xe đạp,I ride my bike to work.,TRUE,1979,55.59,36
distribute,1820,B2,v,/dɪstɹˈɪbjut/,"phân phát, phân phối",They distributed food to the poor.,FALSE,1980,55.58,36
intellectual,1821,B2,adj,/ˌɪntəlˈɛktʃuəl/,"trí tuệ, trí thức",She enjoys intellectual talks.,FALSE,1981,55.58,36
derive,1822,B2,v,/dɚˈaɪv/,bắt nguồn; thu được,This word derives from Latin.,FALSE,1982,55.58,36
crucial,1823,B2,adj,/kɹˈuʃəl/,"quan trọng, then chốt",Sleep is crucial for health.,FALSE,1983,55.58,36
unemployment,1824,B2,n,/ˌʌnɪmplˈɔɪmənt/,tình trạng thất nghiệp,Unemployment rose last year.,FALSE,1984,55.57,36
wheel,1825,B2,n,/wˈil/,bánh xe; vô lăng,The car has four wheels.,TRUE,1985,55.57,36
crop,1826,B2,n,/kɹˈɑp/,"mùa màng, cây trồng",The rice crop was good this year.,TRUE,1986,55.57,36
minority,1827,B2,n,/maɪnˈɔɹəti/,thiểu số,Only a minority disagreed.,FALSE,1987,55.57,36
origin,1828,B2,n,/ˈɔɹədʒən/,"nguồn gốc, xuất xứ",The word has a Greek origin.,FALSE,1988,55.57,36
interpretation,1829,B2,n,/ˌɪntˌɝpɹɪtˈeɪʃən/,"sự giải thích, diễn giải",There are many interpretations.,FALSE,1989,55.57,36
gentleman,1830,B2,n,/dʒˈɛntəlmən/,"quý ông, người lịch thiệp",He is a true gentleman.,FALSE,1990,55.56,36
drama,1831,B2,n,/dɹˈɑmə/,kịch; chính kịch,She studies drama at college.,FALSE,1991,55.56,36
landscape,1832,B2,n,/lˈændskˌeɪp/,phong cảnh,The mountain landscape is beautiful.,FALSE,1992,55.56,36
educate,1833,B2,v,/ˈɛdʒəkˌeɪt/,"giáo dục, dạy dỗ",Schools educate young people.,FALSE,1993,55.56,36
toy,1834,B2,n,/tˈɔɪ/,đồ chơi,The child played with a toy.,TRUE,1994,55.55,36
fault,1835,B2,n,/fˈɔlt/,lỗi; khuyết điểm,"It was my fault, sorry.",FALSE,1995,55.55,36
exhibit,1836,B2,v,/ɪɡzˈɪbɪt/,trưng bày,The museum exhibits old coins.,FALSE,1996,55.55,36
minor,1837,B2,adj,/mˈaɪnɚ/,"nhỏ, thứ yếu",It is only a minor problem.,FALSE,1997,55.54,36
hunt,1838,B2,v,/hˈʌnt/,săn bắt,Lions hunt for food at night.,FALSE,1998,55.53,36
storm,1839,B2,n,/stˈɔɹm/,cơn bão,A big storm is coming.,FALSE,1999,55.53,36
thick,1840,B2,adj,/θˈɪk/,dày; đặc,The wall is very thick.,FALSE,2000,55.53,36
achievement,1841,B2,n,/ətʃˈivmənt/,"thành tựu, thành tích",Winning was a great achievement.,FALSE,2001,55.53,36
negotiate,1842,B2,v,/nəɡˈoʊʃiˌeɪt/,"đàm phán, thương lượng",They negotiated a better price.,FALSE,2002,55.53,36
dominate,1843,B2,v,/dˈɑmənˌeɪt/,"thống trị, chi phối",One team dominated the game.,FALSE,2003,55.52,36
supplier,1844,B2,n,/səplˈaɪɚ/,nhà cung cấp,We found a new supplier.,FALSE,2004,55.51,36
prize,1845,B2,n,/pɹˈaɪz/,giải thưởng,She won first prize.,TRUE,2005,55.51,36
typically,1846,B2,adv,/tˈɪpɪkli/,"thường, điển hình",I typically start work at eight.,FALSE,2006,55.51,36
peer,1847,B2,n,/pˈɪɹ/,"người ngang hàng, bạn đồng trang",Students learn from their peers.,FALSE,2007,55.51,36
pension,1848,B2,n,/pˈɛnʃən/,lương hưu,He lives on a small pension.,FALSE,2008,55.51,36
wing,1849,B2,n,/wˈɪŋ/,cánh (chim/máy bay),The bird spread its wings.,TRUE,2009,55.51,36
acquisition,1850,B2,n,/ˌækwəzˈɪʃən/,sự thu nhận; sự mua lại,Language acquisition takes time.,FALSE,2010,55.51,36
laughter,1851,B2,n,/lˈæftɚ/,tiếng cười,The room was full of laughter.,FALSE,2011,55.5,36
deeply,1852,B2,adv,/dˈipli/,sâu sắc,She was deeply moved.,FALSE,2012,55.5,36
recognition,1853,B2,n,/ɹˌɛkəɡnˈɪʃən/,sự công nhận; sự nhận ra,She got recognition for her work.,FALSE,2013,55.5,35
electricity,1854,B2,n,/ɪlˌɛktɹˈɪsəti/,điện,The storm cut off the electricity.,FALSE,2014,55.5,35
assistance,1855,B2,n,/əsˈɪstəns/,sự trợ giúp,Thank you for your assistance.,FALSE,2015,55.5,35
roof,1856,B2,n,/ɹˈuf/,mái nhà,The roof needs repair.,TRUE,2016,55.5,35
retirement,1857,B2,n,/ɹitˈaɪɚmənt/,sự nghỉ hưu,He is enjoying his retirement.,FALSE,2017,55.5,35
respectively,1858,B2,adv,/ɹɪspˈɛktɪvli/,"theo thứ tự, lần lượt","They came first and second, respectively.",FALSE,2018,55.49,35
variation,1859,B2,n,/vˌɛɹiˈeɪʃən/,"sự thay đổi, biến thể",There is some variation in price.,FALSE,2019,55.49,35
ultimately,1860,B2,adv,/ˈʌltəmətli/,"cuối cùng, rốt cuộc","Ultimately, the choice is yours.",FALSE,2020,55.49,35
proof,1861,B2,n,/pɹˈuf/,bằng chứng,Do you have any proof?,FALSE,2021,55.48,35
soil,1862,B2,n,/sˈɔɪl/,đất (trồng trọt),The soil here is very rich.,TRUE,2022,55.48,35
smart,1863,B2,adj,/smˈɑɹt/,thông minh; bảnh bao,She is a smart student.,FALSE,2023,55.48,35
layer,1864,B2,n,/lˈeɪɚ/,"lớp, tầng",Add a layer of cheese.,FALSE,2024,55.48,35
upset,1865,B2,adj,/əpsˈɛt/,"buồn bực, khó chịu",She was upset by the news.,FALSE,2025,55.48,35
tooth,1866,B2,n,/tˈuθ/,cái răng,The child lost a tooth.,TRUE,2026,55.47,35
representation,1867,B2,n,/ɹˌɛpɹəzɛntˈeɪʃən/,sự đại diện; sự thể hiện,The map is a representation of the area.,FALSE,2027,55.47,35
preparation,1868,B2,n,/pɹˌɛpɚˈeɪʃən/,sự chuẩn bị,Good preparation is important.,FALSE,2028,55.47,35
dispute,1869,B2,n,/dɪspjˈut/,"tranh chấp, tranh cãi",They had a legal dispute.,FALSE,2029,55.47,35
agenda,1870,B2,n,/ədʒˈɛndə/,chương trình nghị sự,What is on the agenda today?,FALSE,2030,55.46,35
emphasis,1871,B2,n,/ˈɛmfəsəs/,sự nhấn mạnh,She put emphasis on grammar.,FALSE,2031,55.46,35
edition,1872,B2,n,/ədˈɪʃən/,"ấn bản, lần xuất bản",This is the first edition.,TRUE,2032,55.46,35
silver,1873,B2,n,/sˈɪlvɚ/,bạc,The ring is made of silver.,TRUE,2033,55.46,35
entertainment,1874,B2,n,/ˌɛntɚtˈeɪnmənt/,sự giải trí,The park offers great entertainment.,FALSE,2034,55.46,35
honest,1875,B2,adj,/ˈɑnəst/,"trung thực, thật thà",She is an honest person.,FALSE,2035,55.46,35
undertake,1876,B2,v,/ˈʌndɚtˌeɪk/,"đảm nhận, tiến hành",They undertook a big project.,FALSE,2036,55.44,35
retail,1877,B2,n,/ɹˈitˌeɪl/,bán lẻ,She works in retail.,FALSE,2037,55.44,35
wire,1878,B2,n,/wˈaɪɚ/,dây (điện/kim loại),Connect the red wire first.,TRUE,2038,55.44,35
unlikely,1879,B2,adj,/ənlˈaɪkli/,khó xảy ra,It is unlikely to rain today.,FALSE,2039,55.44,35
gay,1880,B2,adj,/ɡˈeɪ/,đồng tính; vui vẻ,He is a gay rights supporter.,FALSE,2040,55.43,35
publication,1881,B2,n,/pˌʌblɪkˈeɪʃən/,sự xuất bản; ấn phẩm,This is a monthly publication.,FALSE,2041,55.43,35
slight,1882,B2,adj,/slˈaɪt/,"nhỏ, nhẹ",There is a slight difference.,FALSE,2042,55.43,35
unknown,1883,B2,adj,/ənnˈoʊn/,"chưa biết, vô danh",The cause is still unknown.,FALSE,2043,55.43,35
framework,1884,B2,n,/fɹˈeɪmwˌɝk/,"khung, khuôn khổ",We built a clear framework.,FALSE,2044,55.42,35
zone,1885,B2,n,/zˈoʊn/,"khu vực, vùng",This is a no-parking zone.,FALSE,2045,55.42,35
restrict,1886,B2,v,/ɹistɹˈɪkt/,"hạn chế, giới hạn",They restrict access to the area.,FALSE,2046,55.42,35
trace,1887,B2,n,/tɹˈeɪs/,dấu vết,There was no trace of the animal.,FALSE,2047,55.41,35
inch,1888,B2,n,/ˈɪntʃ/,insơ (đơn vị đo),The nail is one inch long.,FALSE,2048,55.41,35
equivalent,1889,B2,adj,/ɪkwˈɪvələnt/,tương đương,A dollar is equivalent to this amount.,FALSE,2049,55.41,35
solid,1890,B2,adj,/sˈɑləd/,"rắn, đặc; vững chắc",Ice is solid water.,FALSE,2050,55.39,35
enterprise,1891,B2,n,/ˈɛntɚpɹˌaɪz/,doanh nghiệp; sự nghiệp,She started a small enterprise.,FALSE,2051,55.39,35
elderly,1892,B2,adj,/ˈɛldɚli/,"cao tuổi, lớn tuổi",He helps elderly people.,FALSE,2052,55.39,35
owe,1893,B2,v,/ˈoʊ/,"nợ, mắc nợ",I owe you ten dollars.,FALSE,2053,55.39,35
governor,1894,B2,n,/ɡˈʌvɚnɚ/,thống đốc,The governor visited the school.,FALSE,2054,55.38,35
uniform,1895,B2,n,/jˈunəfˌɔɹm/,đồng phục,Students wear a school uniform.,TRUE,2055,55.38,35
port,1896,B2,n,/pˈɔɹt/,cảng,The ship arrived at the port.,TRUE,2056,55.37,34
pitch,1897,B2,n,/pˈɪtʃ/,sân (thể thao); độ cao (âm),The football pitch is muddy.,TRUE,2057,55.37,34
arrival,1898,B2,n,/ɚˈaɪvəl/,"sự đến, sự tới nơi",We waited for their arrival.,FALSE,2058,55.37,34
contemporary,1899,B2,adj,/kəntˈɛmpɚˌɛɹi/,"đương đại, hiện đại",I like contemporary art.,FALSE,2059,55.36,34
gate,1900,B2,n,/ɡˈeɪt/,"cổng, cửa",Please close the gate.,TRUE,2060,55.36,34
ease,1901,B2,n,/ˈiz/,"sự dễ dàng, thoải mái",She passed the test with ease.,FALSE,2061,55.36,34
beer,1902,B2,n,/bˈɪɹ/,bia,He drank a glass of beer.,TRUE,2062,55.36,34
specialist,1903,B2,n,/spˈɛʃələst/,chuyên gia,See a specialist for your eyes.,FALSE,2063,55.35,34
assure,1904,B2,v,/əʃˈʊɹ/,"đảm bảo, cam đoan",I assure you it is safe.,FALSE,2064,55.35,34
profile,1905,B2,n,/pɹˈoʊfˌaɪl/,hồ sơ; hình dáng nghiêng,Update your online profile.,FALSE,2065,55.35,34
mood,1906,B2,n,/mˈud/,tâm trạng,She is in a good mood today.,FALSE,2066,55.34,34
episode,1907,B2,n,/ˈɛpəsˌoʊd/,tập (phim); sự kiện,I watched the last episode.,FALSE,2067,55.34,34
crack,1908,B2,n,/kɹˈæk/,vết nứt,There is a crack in the wall.,FALSE,2068,55.33,34
numerous,1909,B2,adj,/nˈumɚəs/,"nhiều, vô số",She has numerous friends.,FALSE,2069,55.33,34
submit,1910,B2,v,/səbmˈɪt/,nộp; đệ trình,Submit your homework by Friday.,FALSE,2070,55.32,34
symptom,1911,B2,n,/sˈɪmptəm/,triệu chứng,A fever is a common symptom.,FALSE,2071,55.32,34
virtually,1912,B2,adv,/vˈɝtʃuəli/,"hầu như, gần như",The work is virtually done.,FALSE,2072,55.31,34
era,1913,B2,n,/ˈɛɹə/,"thời đại, kỷ nguyên",We live in a digital era.,FALSE,2073,55.31,34
coverage,1914,B2,n,/kˈʌvɚədʒ/,sự đưa tin; phạm vi bao phủ,The news coverage was wide.,FALSE,2074,55.3,34
tension,1915,B2,n,/tˈɛnʃən/,sự căng thẳng,There was tension in the room.,FALSE,2075,55.3,34
cable,1916,B2,n,/kˈeɪbəl/,dây cáp,Connect the cable to the TV.,TRUE,2076,55.29,34
sensitive,1917,B2,adj,/sˈɛnsətɪv/,nhạy cảm,This is a sensitive topic.,FALSE,2077,55.29,34
nervous,1918,B2,adj,/nˈɝvəs/,"lo lắng, hồi hộp",I feel nervous before exams.,FALSE,2078,55.29,34
input,1919,B2,n,/ˈɪnpˌʊt/,dữ liệu nhập; sự đóng góp,Thank you for your input.,FALSE,2079,55.29,34
isolate,1920,B2,v,/ˈaɪsəlˌeɪt/,"cô lập, tách biệt",They isolated the sick birds.,FALSE,2080,55.28,34
prisoner,1921,B2,n,/pɹˈɪzənɚ/,tù nhân,The prisoner was released.,FALSE,2081,55.27,34
eliminate,1922,B2,v,/ɪlˈɪmənˌeɪt/,"loại bỏ, loại trừ",We must eliminate errors.,FALSE,2082,55.27,34
tight,1923,B2,adj,/tˈaɪt/,chật; chặt,These shoes are too tight.,FALSE,2083,55.27,34
wet,1924,B2,adj,/wˈɛt/,ướt,The grass is wet this morning.,FALSE,2084,55.27,34
secondary,1925,B2,adj,/sˈɛkəndˌɛɹi/,thứ cấp; trung học,She teaches at a secondary school.,FALSE,2085,55.26,34
welfare,1926,B2,n,/wˈɛlfˌɛɹ/,phúc lợi; sự an sinh,The government supports child welfare.,FALSE,2086,55.26,34
recruit,1927,B2,v,/ɹəkɹˈut/,"tuyển dụng, chiêu mộ",They recruit new staff yearly.,FALSE,2087,55.26,34
exclude,1928,B2,v,/ɪksklˈud/,"loại trừ, không tính",The price excludes tax.,FALSE,2088,55.25,34
string,1929,B2,n,/stɹˈɪŋ/,"dây, sợi",Tie the box with string.,TRUE,2089,55.25,33
cloud,1930,B2,n,/klˈaʊd/,đám mây,There is not a cloud in the sky.,TRUE,2090,55.25,33
persuade,1931,B2,v,/pɚswˈeɪd/,thuyết phục,She persuaded me to join.,FALSE,2091,55.25,33
inspire,1932,B2,v,/ˌɪnspˈaɪɹ/,truyền cảm hứng,Her story inspired many people.,FALSE,2092,55.24,33
grand,1933,B2,adj,/ɡɹˈænd/,"hoành tráng, lớn",They stayed at a grand hotel.,FALSE,2093,55.24,33
crew,1934,B2,n,/kɹˈu/,"đội, tổ (làm việc)",The ship's crew worked hard.,FALSE,2095,55.23,33
phenomenon,1935,B2,n,/fənˈɑmənˌɑn/,hiện tượng,Rainbows are a natural phenomenon.,FALSE,2096,55.23,33
pupil,1936,B2,n,/pjˈupəl/,học sinh,The pupils listened to the teacher.,FALSE,2097,55.23,33
FALSE,1937,B2,adj,/fˈɔls/,sai; giả,This statement is false.,FALSE,2098,55.23,33
assist,1938,B2,v,/əsˈɪst/,"giúp đỡ, hỗ trợ",A nurse assisted the doctor.,FALSE,2099,55.22,33
restore,1939,B2,v,/ɹɪstˈɔɹ/,"khôi phục, phục hồi",They restored the old building.,FALSE,2100,55.22,33
formula,1940,B2,n,/fˈɔɹmjələ/,công thức,Learn the math formula.,FALSE,2101,55.21,33
alter,1941,B2,v,/ˈɔltɚ/,"thay đổi, sửa đổi",She altered the dress to fit.,FALSE,2102,55.21,33
perceive,1942,B2,v,/pɚsˈiv/,"nhận thức, cảm nhận",People perceive colors differently.,FALSE,2103,55.2,33
routine,1943,B2,n,/ɹutˈin/,"thói quen, lịch trình",I have a morning routine.,FALSE,2104,55.2,33
sink,1944,B2,n,/sˈɪŋk/,bồn rửa,Wash the dishes in the sink.,TRUE,2105,55.19,33
stare,1945,B2,v,/stˈɛɹ/,nhìn chằm chằm,Don't stare at strangers.,FALSE,2106,55.19,33
anymore,1946,B2,adv,/ˌɛnimˈɔɹ/,không còn nữa,I don't live here anymore.,FALSE,2107,55.19,33
hero,1947,B2,n,/hˈɪɹoʊ/,"người hùng, anh hùng",The firefighter is a hero.,FALSE,2108,55.18,33
supporter,1948,B2,n,/səpˈɔɹtɚ/,"người ủng hộ, cổ động viên",She is a loyal supporter.,FALSE,2109,55.18,33
convert,1949,B2,v,/kˈɑnvɚt/,chuyển đổi,Convert the file to PDF.,FALSE,2110,55.18,33
steady,1950,B2,adj,/stˈɛdi/,đều đặn; vững vàng,He made steady progress.,FALSE,2111,55.18,33
meter,1951,B2,n,/mˈitɚ/,mét; đồng hồ đo,The room is five meters long.,TRUE,2112,55.17,33
truck,1952,B2,n,/tɹˈʌk/,xe tải,The truck carried heavy boxes.,TRUE,2113,55.17,33
nose,1953,B2,n,/nˈoʊz/,cái mũi,The dog has a wet nose.,TRUE,2114,55.17,33
beside,1954,B2,prep,/bɪsˈaɪd/,bên cạnh,"Sit beside me, please.",FALSE,2115,55.17,33
sail,1955,B2,v,/sˈeɪl/,"đi thuyền, giương buồm",They sailed across the sea.,FALSE,2116,55.17,33
disaster,1956,B2,n,/dɪzˈæstɚ/,thảm họa,The flood was a disaster.,FALSE,2117,55.17,33
pace,1957,B2,n,/pˈeɪs/,"nhịp độ, tốc độ",He walked at a slow pace.,FALSE,2118,55.17,33
heavily,1958,B2,adv,/hˈɛvəli/,"nặng nề, nhiều",It is raining heavily.,FALSE,2119,55.17,33
devote,1959,B2,v,/dɪvˈoʊt/,"dành, cống hiến",She devotes her time to teaching.,FALSE,2120,55.16,33
terrorist,1960,B2,n,/tˈɛɹɚɪst/,kẻ khủng bố,The police caught the terrorist.,FALSE,2121,55.16,33
justify,1961,B2,v,/dʒˈʌstəfˌaɪ/,"biện minh, chứng minh",Nothing can justify violence.,FALSE,2122,55.16,33
vital,1962,B2,adj,/vˈaɪtəl/,"thiết yếu, sống còn",Water is vital for life.,FALSE,2123,55.16,33
fascinate,1963,B2,v,/fˈæsənˌeɪt/,"làm mê hoặc, cuốn hút",Space fascinates children.,FALSE,2124,55.16,33
external,1964,B2,adj,/ɪkstˈɝnəl/,bên ngoài,Use an external hard drive.,FALSE,2125,55.15,33
spare,1965,B2,adj,/spˈɛɹ/,"dự phòng, dư",Do you have a spare pen?,FALSE,2126,55.15,33
whenever,1966,B2,conj,/wɛnˈɛvɚ/,bất cứ khi nào,Call me whenever you need help.,FALSE,2127,55.15,33
depression,1967,B2,n,/dɪpɹˈɛʃən/,sự trầm cảm; suy thoái,She suffers from depression.,FALSE,2128,55.14,33
guilty,1968,B2,adj,/ɡˈɪlti/,có tội; áy náy,He felt guilty about the lie.,FALSE,2129,55.14,33
underlie,1969,B2,v,/ˌʌndɚlˈaɪ/,làm nền tảng cho,Trust underlies every friendship.,FALSE,2130,55.14,33
mom,1970,B2,n,/mˈɑm/,mẹ (thân mật),My mom makes great food.,FALSE,2131,55.14,33
distinction,1971,B2,n,/dɪstˈɪŋkʃən/,sự phân biệt; sự khác biệt,There is a clear distinction.,FALSE,2132,55.14,33
satisfaction,1972,B2,n,/sˌætəsfˈækʃən/,sự hài lòng,The job gives her satisfaction.,FALSE,2133,55.14,33
incorporate,1973,B2,v,/ˌɪnkˈɔɹpɚˌeɪt/,"kết hợp, sáp nhập",We incorporated your ideas.,FALSE,2134,55.14,33
pour,1974,B2,v,/pˈɔɹ/,"rót, đổ",Pour the water into the glass.,FALSE,2135,55.14,33
sweep,1975,B2,v,/swˈip/,quét,Sweep the floor after cooking.,FALSE,2136,55.13,33
obligation,1976,B2,n,/ˌɑbləɡˈeɪʃən/,"nghĩa vụ, bổn phận",You have no obligation to stay.,FALSE,2137,55.13,33
sir,1977,B2,n,/sˈɝ/,"ngài, ông (kính trọng)","Excuse me, sir.",FALSE,2138,55.12,33
evaluate,1978,B2,v,/ɪvˈæljuˌeɪt/,đánh giá,The teacher evaluated our work.,FALSE,2139,55.11,32
anger,1979,B2,n,/ˈæŋɡɚ/,sự tức giận,He could not hide his anger.,FALSE,2140,55.1,32
pub,1980,B2,n,/pˈʌb/,quán rượu,They met at a local pub.,TRUE,2141,55.1,32
perception,1981,B2,n,/pɚsˈɛpʃən/,"sự nhận thức, cảm nhận",Her perception of risk is low.,FALSE,2142,55.1,32
naturally,1982,B2,adv,/nˈætʃɚəli/,một cách tự nhiên,She speaks English naturally.,FALSE,2143,55.09,32
currency,1983,B2,n,/kˈɝənsi/,tiền tệ,The dollar is a strong currency.,FALSE,2144,55.09,32
database,1984,B2,n,/dˈeɪtəbˌeɪs/,cơ sở dữ liệu,The names are stored in a database.,FALSE,2145,55.09,32
initially,1985,B2,adv,/ˌɪnˈɪʃəli/,"ban đầu, lúc đầu","Initially, the plan seemed hard.",FALSE,2146,55.09,32
territory,1986,B2,n,/tˈɛɹɪtˌɔɹi/,"lãnh thổ, vùng đất",This is protected territory.,FALSE,2147,55.08,32
stream,1987,B2,n,/stɹˈim/,dòng suối; luồng,A small stream runs through the valley.,TRUE,2148,55.08,32
rarely,1988,B2,adv,/ɹˈɛɹli/,hiếm khi,I rarely eat fast food.,FALSE,2149,55.08,32
height,1989,B2,n,/hˈaɪt/,chiều cao; độ cao,What is your height?,FALSE,2150,55.07,32
apparent,1990,B2,adj,/əpˈɛɹənt/,rõ ràng; bề ngoài,The problem soon became apparent.,FALSE,2151,55.07,32
western,1991,B2,adj,/wˈɛstɚn/,thuộc phía tây; phương Tây,They enjoy western music.,FALSE,2152,55.07,32
expansion,1992,B2,n,/ɪkspˈænʃən/,sự mở rộng,The company plans an expansion.,FALSE,2153,55.06,32
constantly,1993,B2,adv,/kˈɑnstəntli/,"liên tục, không ngừng",He is constantly on his phone.,FALSE,2154,55.06,32
muscle,1994,B2,n,/mˈʌsəl/,"cơ, bắp thịt",Exercise builds strong muscles.,TRUE,2155,55.06,32
scare,1995,B2,v,/skˈɛɹ/,làm sợ hãi,The loud noise scared the dog.,FALSE,2156,55.06,32
badly,1996,B2,adv,/bˈædli/,"tệ, tồi; rất",He plays the guitar badly.,FALSE,2157,55.05,32
everyday,1997,B2,adj,/ˈɛvɹidˈeɪ/,"hằng ngày, thường ngày",These are everyday problems.,FALSE,2158,55.05,32
boundary,1998,B2,n,/bˈaʊndɚi/,"ranh giới, biên giới",The river is a natural boundary.,FALSE,2159,55.05,32
ratio,1999,B2,n,/ɹˈeɪʃiˌoʊ/,tỷ lệ,The ratio of boys to girls is equal.,FALSE,2160,55.05,32
essay,2000,B2,n,/ɛsˈeɪ/,bài luận,I wrote an essay about my family.,FALSE,2161,55.05,32
